,VISIT_AREA_ID,TRAVEL_ID,VISIT_ORDER,VISIT_AREA_NM,VISIT_START_YMD,VISIT_END_YMD,ROAD_NM_ADDR,LOTNO_ADDR,X_COORD,Y_COORD,ROAD_NM_CD,LOTNO_CD,POI_ID,POI_NM,RESIDENCE_TIME_MIN,VISIT_AREA_TYPE_CD,REVISIT_YN,VISIT_CHC_REASON_CD,LODGING_TYPE_CD,DGSTFN,REVISIT_INTENTION,RCMDTN_INTENTION,SGG_CD
21,2304290007,e_e000009,6,호텔 프라하,2023-04-29,2023-04-30,경기 평택시 통복로26번길 11,경기 평택시 통복동 114-10,127.0833377,36.994097,,,POI02001TR033794V,호텔프라하,1290.0,24,N,8.0,2.0,1.0,1.0,1.0,
104,2304290005,e_e000020,5,파르티아 워터하우스,2023-04-29,2023-04-29,경기 가평군 설악면 미사리로 707-96,경기 가평군 설악면 미사리 500-1,127.5406989,37.7178039,,,POI02001TR030518V,파로티아워터하우스,0.0,24,N,8.0,1.0,4.0,3.0,4.0,
106,2304290007,e_e000020,7,파르티아 워터하우스,2023-04-29,2023-04-30,경기 가평군 설악면 미사리로 707-96,경기 가평군 설악면 미사리 500-1,127.5406989,37.7178039,,,POI02001TR030518V,파로티아워터하우스,150.0,24,N,8.0,1.0,4.0,3.0,4.0,
116,2304290004,e_e000021,6,호텔 헤르메스,2023-04-29,2023-04-29,경기 화성시 남양읍 역골로 9-28,경기 화성시 남양읍 남양리 2076,126.8272198,37.2004357,,,POI02001TR033799V,호텔헤르메스,120.0,24,N,7.0,1.0,4.0,4.0,4.0,
119,2304290007,e_e000021,9,호텔 헤르메스,2023-04-29,2023-04-30,경기 화성시 남양읍 역골로 9-28,경기 화성시 남양읍 남양리 2076,126.8272198,37.2004357,,,POI02001TR033799V,호텔헤르메스,180.0,24,Y,11.0,1.0,4.0,4.0,4.0,
158,2304280009,e_e000038,4,호텔 더 메이,2023-04-28,2023-04-29,경기 화성시 팔탄면 버들로1597번길 14-13,경기 화성시 팔탄면 월문리 235-36,126.8767817,37.1159136,,,POI02001TR033522V,호텔 더 메이,240.0,24,N,2.0,1.0,5.0,5.0,5.0,
230,2305190003,e_e000294,3,한화리조트 용인 베잔송,2023-05-19,2023-05-20,경기 용인시 처인구 남사읍 봉무로153번길 79,경기 용인시 처인구 남사읍 봉무리 257-1,127.1441266,37.1316613,,,POI01000000AMGCVF,째깍섬 한화용인센터,570.0,24,N,11.0,4.0,4.0,2.0,3.0,
232,2305200002,e_e000294,5,봉화 회관,2023-05-20,2023-05-21,경기 용인시 처인구 포곡읍 부곡로 21,경기 용인시 처인구 포곡읍 전대리 164-3,127.2193463,37.2806669,,,POI01000000BGMNLH,봉화회관,60.0,24,N,11.0,2.0,3.0,4.0,2.0,
240,2305230006,e_e000296,6,류 게스트하우스,2023-05-23,2023-05-24,서울 강남구 논현로159길 22-2,서울 강남구 신사동 567-30,,,,,POI01000000C7MKPA,류게스트하우스,270.0,24,N,2.0,7.0,2.0,2.0,3.0,
246,2305240006,e_e000296,12,류 게스트하우스,2023-05-24,2023-05-25,서울 강남구 논현로159길 22-2,서울 강남구 신사동 567-30,,,,,POI01000000C7MKPA,류게스트하우스,480.0,24,Y,8.0,7.0,4.0,3.0,2.0,
261,2305280010,e_e000299,14,스텝 인 명동 ,2023-05-28,2023-05-29,서울 중구 명동길 55,,,,,,,,180.0,24,N,11.0,7.0,4.0,4.0,3.0,5011011700.0
264,2305190003,e_e000301,3,콘래드,2023-05-19,2023-05-20,서울 영등포구 국제금융로 10,서울 영등포구 여의도동 23-1,126.9267428,37.5254277,,,POI01000TR003867V,콘래드 서울,510.0,24,N,7.0,1.0,5.0,5.0,5.0,
323,2305280008,e_e000317,20,토요코인 호텔 영등포점,2023-05-28,2023-05-28,서울 영등포구 신길로 293,서울 영등포구 영등포동1가 106,126.9120126,37.5176222,,,POI01000000B1H73Z,토요코인호텔 영등포점,210.0,24,N,1.0,1.0,4.0,3.0,3.0,
325,2305280010,e_e000317,22,토요코인 호텔 영등포점,2023-05-28,2023-05-29,서울 영등포구 신길로 293,서울 영등포구 영등포동1가 106,126.9120126,37.5176222,,,POI01000000B1H73Z,토요코인호텔 영등포점,120.0,24,Y,8.0,1.0,5.0,4.0,4.0,
381,2305270007,e_e000323,7,제이 모텔,2023-05-27,2023-05-27,경기 수원시 장안구 팔달로259번길 10,경기 수원시 장안구 영화동 327-1,127.0132892,37.289304,,,POI02001TR025710V,제이모텔,30.0,24,N,8.0,2.0,4.0,3.0,3.0,
384,2305270010,e_e000323,10,제이 모텔,2023-05-27,2023-05-28,경기 수원시 장안구 팔달로259번길 10,경기 수원시 장안구 영화동 327-1,,,,,POI02001TR025710V,제이모텔,150.0,24,N,8.0,2.0,4.0,4.0,4.0,
406,2305280002,e_e000331,3,드림 게스트하우스,2023-05-28,2023-05-28,서울 중구 퇴계로6길 22-5,서울 중구 남창동 190-14,126.9783834,37.5571673,,,POI01000TR040363V,드림게스트하우스,30.0,24,N,6.0,7.0,4.0,4.0,4.0,
410,2305280006,e_e000331,7,드림 게스트하우스,2023-05-28,2023-05-29,서울 중구 퇴계로6길 22-5,서울 중구 남창동 190-14,126.9783834,37.5571673,,,POI01000TR040363V,드림게스트하우스,1320.0,24,N,6.0,7.0,4.0,4.0,4.0,
413,2305290002,e_e000331,9,준 게스트하우스,2023-05-29,2023-05-29,서울 마포구 와우산로29나길 24-3,서울 마포구 서교동 335-36,126.9275565,37.5544152,,,POI01000TR010666V,준게스트하우스,30.0,24,N,6.0,7.0,4.0,4.0,4.0,
415,2305290004,e_e000331,11,준 게스트하우스,2023-05-29,2023-05-30,서울 마포구 와우산로29나길 24-3,서울 마포구 서교동 335-36,126.9275565,37.5544152,,,POI01000TR010666V,준게스트하우스,1350.0,24,Y,6.0,7.0,4.0,4.0,4.0,
422,2305190005,e_e000332,5,누 누 모텔,2023-05-19,2023-05-20,서울 종로구 수표로22길 6,서울 종로구 낙원동 180,126.9896572,37.5709694,,,POI010000006GKAKW,누누호텔,90.0,24,N,8.0,2.0,5.0,5.0,5.0,
426,2305280002,e_e000334,5,호텔 스테이지 79,2023-05-28,2023-05-29,경기 의정부시 신흥로239번길 11,경기 의정부시 의정부동 507-4,127.042462,37.7374556,,,POI02001TR033678V,호텔스테이지79,30.0,24,N,8.0,1.0,5.0,5.0,5.0,
436,2305270005,e_e000336,4,호텔에 펠리체,2023-05-27,2023-05-28,서울 강서구 마곡동로4길 15,서울 강서구 마곡동 797-10,,,,,POI01000000DRKGII,호텔엠펠리체,450.0,24,N,2.0,1.0,5.0,5.0,5.0,
439,2305280003,e_e000336,7,켄싱턴리조트,2023-05-28,2023-05-29,서울 영등포구 국회대로76길 16,서울 영등포구 여의도동 13-3,,,,,POI01000TR010071V,켄싱턴호텔 여의도,510.0,24,N,7.0,1.0,5.0,5.0,5.0,
472,2305190004,e_e000344,4,롯데호텔,2023-05-19,2023-05-19,서울 송파구 올림픽로 240,서울 송파구 잠실동 40-1,127.1003405,37.5114666,,,POI01000TR019907V,롯데호텔 월드점,720.0,24,N,7.0,1.0,4.0,4.0,4.0,
473,2305190005,e_e000344,5,롯데호텔,2023-05-19,2023-05-20,서울 송파구 올림픽로 240,서울 송파구 잠실동 40-1,127.1003405,37.5114666,,,POI01000TR019907V,롯데호텔 월드점,120.0,24,N,7.0,1.0,4.0,4.0,4.0,
477,2305190002,e_e000345,7,W 미니 호텔,2023-05-19,2023-05-20,서울 성북구 정릉로38나길 31,서울 성북구 정릉동 16-18,127.020565,37.6015757,,,POI010000006L4PVB,w호텔,30.0,24,N,8.0,2.0,4.0,4.0,3.0,
514,2305290005,e_e000347,22,펠리스 빌,2023-05-29,2023-05-30,,,,,,,,,240.0,24,Y,11.0,11.0,4.0,4.0,4.0,3117010200.0
526,2305210007,e_e000352,7,신라스테이,2023-05-21,2023-05-22,서울 종로구 삼봉로 71,서울 종로구 수송동 156,126.9811501,37.5725532,,,POI01000TR028150V,신라스테이 광화문,240.0,24,N,7.0,1.0,5.0,5.0,5.0,
559,2305150002,e_e000362,4,글램비글램핑,2023-05-15,2023-05-16,경기 화성시 서신면 해안길 64,경기 화성시 서신면 제부리 20-15,126.6282102,37.1697175,,,POI01000000DCCHWA,글램비글램핑,480.0,24,N,2.0,5.0,5.0,5.0,5.0,
575,2305200002,e_e000366,5,라마다 앙코르 바이 윈덤 김포한강호텔,2023-05-20,2023-05-21,경기 김포시 고촌읍 아라육로152번길 169,경기도 김포시 고촌읍 전호리 634 대,126.7858621,37.6012341,,,POI01000000B1HJQY,라마라앙코르김포한강호텔,150.0,24,N,2.0,1.0,4.0,4.0,4.0,1150010900.0
577,2305200004,e_e000366,3,라마다 앙코르 바이 윈덤 김포한강호텔,2023-05-20,2023-05-20,경기 김포시 고촌읍 아라육로152번길 169,경기 김포시 고촌읍 전호리 634,126.7858922,37.6012211,,,POI01000000B1HJQY,라마다앙코르바이윈덤 김포한강호텔,150.0,24,N,2.0,1.0,4.0,4.0,4.0,
579,2305210001,e_e000366,6,현대 프리미엄 아울렛 김포점,2023-05-21,2023-05-21,경기 김포시 고촌읍 아라육로152번길 100,경기 김포시 고촌읍 전호리 654,126.7855783,37.5993284,,,POI01000TR004195V,현대프리미엄아울렛 김포점,90.0,4,Y,7.0,1.0,4.0,4.0,4.0,
586,2306050006,e_e000369,7,신라스테이,2023-06-05,2023-06-06,서울 종로구 삼봉로 71,서울 종로구 수송동 156,,,,,POI01000TR000837V,신라스테이 광화문,300.0,24,N,6.0,1.0,4.0,2.0,3.0,
595,2305260002,e_e000371,5,힐스테이트에코 마곡나루역 오피스텔,2023-05-26,2023-05-27,서울 강서구 마곡중앙로 161-11,서울 강서구 마곡동 760-1,126.8267838,37.5681199,,,POI010000006GR6WB,힐스테이트에코마곡나루역오피스텔,150.0,24,N,5.0,1.0,5.0,5.0,4.0,
599,2305270001,e_e000371,10,힐스테이트 에코 마곡 오피스텔,2023-05-27,2023-05-28,서울 강서구 공항대로 269-15,서울 강서구 마곡동 797-14,126.8372492,37.5594447,,,POI01000000BK3936,힐스테이트에코마곡입구,420.0,24,Y,5.0,1.0,5.0,5.0,5.0,
662,2305210006,e_e000385,6,어반 티지 글램핑 카라반,2023-05-21,2023-05-22,,인천 강화군 내가면 고천리 209,126.412,37.7325677,,,POI02001TR020293V,어반티지 글램핑 카라반,540.0,24,N,2.0,5.0,4.0,4.0,4.0,
673,2305200002,e_e000395,4,파크 마린 호텔,2023-05-20,2023-05-21,인천 남동구 소래역로 44,인천 남동구 논현동 677-1,126.7347793,37.4010179,,,POI01000000DC560W,파크마린관광호텔,360.0,24,N,8.0,1.0,5.0,4.0,4.0,
674,2305200003,e_e000395,2,파크 마린 호텔,2023-05-20,2023-05-20,인천 남동구 소래역로 44,인천 남동구 논현동 677-1,126.7347793,37.4010179,,,POI01000000DC560W,파크마린관광호텔,1260.0,24,N,8.0,1.0,5.0,5.0,5.0,
683,2305200004,e_e000396,4,파라다이스 시티 원더 박스,2023-05-20,2023-05-20,인천 중구 영종해안남로321번길 186,인천 중구 운서동 2874,126.4573003,37.4365797,,,POI01000TR012182V,파라다이스시티 원더박스,60.0,6,N,1.0,1.0,4.0,4.0,4.0,
684,2305200005,e_e000396,5,파라다이스 시티,2023-05-20,2023-05-20,인천 중구 영종해안남로321번길 186,인천 중구 운서동 2874,126.4558126,37.4371576,,,POI01000000CIV3OC,파라다이스시티,30.0,24,N,2.0,1.0,5.0,5.0,5.0,
687,2305200008,e_e000396,8,파라다이스 시티,2023-05-20,2023-05-21,인천 중구 영종해안남로321번길 186,인천 중구 운서동 2874,126.4558126,37.4371576,,,POI01000000CIV3OC,파라다이스시티,120.0,24,Y,11.0,1.0,5.0,5.0,5.0,
692,2305280002,e_e000397,2,동두천 자연휴양림 복층 4호,2023-05-28,2023-05-29,산16,,,,,,,,1260.0,24,Y,4.0,9.0,5.0,5.0,5.0,4125011100.0
699,2305270002,e_e000403,7,쉐르빌 온천관광호텔,2023-05-27,2023-05-28,경기 양평군 개군면 신내길7번길 37,경기 양평군 개군면 공세리 389-2,,,,,POI02001TR017804V,쉐르빌온천관광호텔,300.0,24,N,8.0,1.0,5.0,5.0,5.0,
740,2306030011,e_e000412,11,호텔도노,2023-06-03,2023-06-03,경기 수원시 팔달구 신풍로 68,경기 수원시 팔달구 장안동 30-6,127.0138346,37.2870468,,,POI01000TR033786V,호텔도노,60.0,24,N,6.0,1.0,4.0,5.0,5.0,
744,2306030015,e_e000412,15,호텔도노,2023-06-03,2023-06-04,경기 수원시 팔달구 신풍로 68,경기 수원시 팔달구 장안동 30-6,,,,,POI01000TR033786V,호텔도노,60.0,24,N,6.0,1.0,4.0,4.0,3.0,
760,2306040004,e_e000422,5,포 포인츠 바이 쉐라톤 조선 서울 명동,2023-06-04,2023-06-04,서울 중구 삼일대로10길 36,서울 중구 저동2가 89,126.9894236,37.5655769,,,POI01000TR026818V,포포인츠 바이 쉐라톤 조선 서울명동,60.0,24,Y,4.0,1.0,5.0,5.0,5.0,
764,2306040008,e_e000422,8,포 포인츠 바이 쉐라톤 조선 서울 명동,2023-06-04,2023-06-05,서울 중구 삼일대로10길 36,서울 중구 저동2가 89,126.9894236,37.5655769,,,POI01000TR026818V,포포인츠 바이 쉐라톤 조선 서울명동,300.0,24,Y,8.0,1.0,5.0,5.0,5.0,
769,2306050005,e_e000422,13,포 포인츠 바이 쉐라톤 서울 구로,2023-06-05,2023-06-06,서울 구로구 디지털로32길 72,서울 구로구 구로동 1128-1,126.8988844,37.4831726,,,POI01000TR029118V,포포인츠 바이쉐라톤 서울구로,390.0,24,Y,6.0,1.0,5.0,5.0,5.0,
782,2305220004,e_e000430,5,호텔코고라,2023-05-22,2023-05-23,인천 부평구 경원대로1417번길 4,인천 부평구 부평동 160-25,,,,,POI0100000091J874,호텔코고라,390.0,24,N,8.0,2.0,3.0,4.0,3.0,
787,2305230004,e_e000430,9,호텔코고라,2023-05-23,2023-05-24,인천 부평구 경원대로1417번길 4,인천 부평구 부평동 160-25,,,,,POI0100000091J874,호텔코고라,300.0,24,Y,8.0,2.0,4.0,3.0,3.0,
793,2305240006,e_e000430,15,호텔 아띠,2023-05-24,2023-05-25,인천 중구 신포로35번길 88,인천 중구 송학동1가 9-6,,,,,POI010000006E4PKT,호텔아띠,120.0,24,N,8.0,2.0,4.0,3.0,4.0,
799,2305210004,e_e000432,4,포 포인츠 바이 쉐라톤 수원 호텔,2023-05-21,2023-05-21,경기 수원시 팔달구 효원로307번길 27,경기 수원시 팔달구 인계동 1122-8,127.0355898,37.2622132,,,POI01000000ALX3LC,FPBS수원호텔,30.0,24,N,8.0,1.0,5.0,4.0,5.0,
801,2305210006,e_e000432,6,포 포인츠 바이 쉐라톤 수원 호텔,2023-05-21,2023-05-21,경기 수원시 팔달구 효원로307번길 27,경기 수원시 팔달구 인계동 1122-8,127.0355898,37.2622132,,,POI01000000ALX3LC,FPBS수원호텔,150.0,12,Y,8.0,1.0,5.0,4.0,4.0,
802,2305210010,e_e000432,7,포 포인츠 바이 쉐라톤 수원 호텔,2023-05-21,2023-05-22,경기 수원시 팔달구 효원로307번길 27,경기도 수원시 팔달구 인계동 1122-8대,127.0355761,37.2622229,,,POI01000000ALX3LC,FPBS수원호텔,150.0,24,N,8.0,1.0,4.0,4.0,4.0,4128710400.0
822,2305270007,e_e000438,7,나인 트리 프리미어 호텔 인사동,2023-05-27,2023-05-27,서울 종로구 인사동길 49,서울 종로구 관훈동 155-2,126.9835789,37.5744835,,,POI01000TR007103V,나인트리프리미어호텔 인사동,30.0,24,N,6.0,1.0,5.0,5.0,5.0,
826,2305270012,e_e000438,11,나인 트리 프리미어 호텔 인사동,2023-05-27,2023-05-28,서울 종로구 인사동길 49,서울 종로구 관훈동 155-2,,,,,POI01000TR007103V,나인트리프리미어호텔 인사동,210.0,24,N,6.0,1.0,5.0,5.0,5.0,
832,2305280007,e_e000438,17,나인 트리 프리미어 호텔 인사동,2023-05-28,2023-05-29,서울 종로구 인사동길 49,서울 종로구 관훈동 155-2,,,,,POI01000TR007103V,나인트리프리미어호텔 인사동,150.0,24,Y,7.0,1.0,5.0,5.0,5.0,
874,2305280004,e_e000451,3,Capsule 24,2023-05-28,2023-05-29,부평구 육동로 7,,,,,,,,30.0,24,N,8.0,7.0,1.0,1.0,1.0,2823710100.0
878,2305290004,e_e000451,7,토요코인 호텔 인천 부평점,2023-05-29,2023-05-30,인천 부평구 광장로 10,인천 부평구 부평동 534-29,126.7220705,37.4904457,,,POI01000000B5M2RR,토요코인호텔 인천부평점,420.0,24,N,2.0,1.0,3.0,3.0,3.0,
884,2306030005,e_e000453,5,소테츠호텔즈 더 스페라지르 서울 명동,2023-06-03,2023-06-03,서울 중구 남대문로5길 15,서울 중구 북창동 93-42,126.9787804,37.5620544,,,POI02001TR016596V,소테츠호텔즈 더스프라지르 서울명동,30.0,24,N,8.0,1.0,4.0,3.0,4.0,
889,2306030011,e_e000453,10,소테츠호텔즈 더 스페라 지르 서울 명동,2023-06-03,2023-06-04,서울 중구 남대문로5길 15,서울 중구 북창동 93-42,,,,,POI02001TR016596V,소테츠호텔즈 더스프라지르 서울명동,210.0,24,Y,8.0,1.0,4.0,3.0,4.0,
890,2306040001,e_e000453,24,소테츠호텔즈 더 스페라 지르 서울 명동,2023-06-04,2023-06-05,서울 중구 남대문로5길 15,서울 중구 북창동 93-42,,,,,POI02001TR016596V,소테츠호텔즈 더스프라지르 서울명동,240.0,24,Y,8.0,1.0,4.0,3.0,4.0,
906,2306050003,e_e000453,27,소테츠호텔즈 더 스페라지르 서울 명동,2023-06-05,2023-06-06,서울 중구 남대문로5길 15,서울 중구 북창동 93-42,,,,,POI02001TR016596V,소테츠호텔즈 더스프라지르 서울명동,210.0,24,Y,8.0,1.0,4.0,3.0,4.0,
923,2305150002,e_e000460,7,그랜드 인터컨티넨탈 서울 파르나스,2023-05-15,2023-05-16,서울 강남구 테헤란로 521,서울 강남구 삼성동 159-8,127.0608271,37.5092906,,,POI01000TR026756V,그랜드인터컨티넨탈 서울파르나스,270.0,24,N,6.0,1.0,5.0,5.0,5.0,
927,2305150006,e_e000460,5,그랜드 인터컨티넨탈 서울 파르나스,2023-05-15,2023-05-15,서울 강남구 테헤란로 521,서울 강남구 삼성동 159-8,127.0608271,37.5092906,,,POI01000TR026756V,그랜드인터컨티넨탈 서울파르나스,120.0,24,N,6.0,1.0,5.0,5.0,5.0,
948,2306020004,e_e000472,5,바나나 PC,2023-06-02,2023-06-03,서울 강남구 광평로56길 8-13,서울 강남구 수서동 725,127.1031681,37.4867433,,,POI01000000CI1RWE,바나나PC,30.0,24,N,6.0,12.0,5.0,5.0,5.0,
951,2306030002,e_e000472,7,더 큐브 호텔,2023-06-03,2023-06-03,서울 중구 퇴계로20길 31,서울 중구 남산동2가 18-9,126.9862058,37.5588191,,,POI01000000D8XXP0,더큐브호텔,0.0,24,N,5.0,7.0,5.0,5.0,5.0,
955,2306030007,e_e000472,11,더 큐브 호텔,2023-06-03,2023-06-04,서울 중구 퇴계로20길 31,서울 중구 남산동2가 18-9,126.9862058,37.5588191,,,POI01000000D8XXP0,더큐브호텔,30.0,24,N,5.0,7.0,4.0,4.0,4.0,
961,2306040006,e_e000472,17,서울숲 스테이,2023-06-04,2023-06-05,서울 성동구 왕십리로 108-1,서울 성동구 성수동1가 656-1066,127.0447745,37.5473426,,,POI01000TR015530V,서울숲스테이,90.0,24,N,5.0,7.0,5.0,5.0,5.0,
984,2305260004,e_e000474,3,카카오 호텔,2023-05-26,2023-05-27,구월동 1129-11 카카오호텔,,,,,,,,150.0,24,N,8.0,1.0,5.0,5.0,5.0,2820010100.0
986,2305270002,e_e000474,5,아셈 호텔,2023-05-27,2023-05-28,경기 김포시 태장로795번길 145,경기 김포시 장기동 2011-2,,,,,POI01000TR035962V,아셈호텔,390.0,24,N,2.0,1.0,5.0,5.0,5.0,
1033,2305190007,e_e000482,7,글래드,2023-05-19,2023-05-20,서울 영등포구 의사당대로 16,서울 영등포구 여의도동 17-5,126.9172764,37.5273992,,,POI01000TR035069V,글래드 여의도,120.0,24,N,6.0,1.0,4.0,4.0,4.0,
1038,2305200005,e_e000482,12,글래드,2023-05-20,2023-05-21,서울 영등포구 의사당대로 16,서울 영등포구 여의도동 17-5,126.9172764,37.5273992,,,POI01000TR035069V,글래드 여의도,300.0,24,N,6.0,1.0,4.0,3.0,3.0,
1046,2305270003,e_e000483,3,가평 프리미엄 키즈 풀빌라,2023-05-27,2023-05-28,경기 가평군 조종면 현등사길 55-233,경기 가평군 조종면 운악리 418-59,127.3452872,37.8605796,,,POI01000TR036911V,가평프리미엄키즈풀빌라,600.0,24,N,6.0,3.0,3.0,2.0,2.0,
1047,2305280001,e_e000483,4,가평 프리미엄 키즈 풀빌라,2023-05-28,2023-05-29,경기 가평군 조종면 현등사길 55-233,경기 가평군 조종면 운악리 418-59,127.3452872,37.8605796,,,POI01000TR036911V,가평프리미엄키즈풀빌라,600.0,24,N,8.0,3.0,3.0,2.0,2.0,
1060,2306020008,e_e000490,8,호텔쿠레타케소 인사동,2023-06-02,2023-06-03,서울 종로구 인사동길 20-9,서울 종로구 인사동 34-2,,,,,POI01000000B1G4IA,호텔쿠레타케소,240.0,24,N,6.0,1.0,4.0,4.0,4.0,
1063,2306030003,e_e000490,11,호텔쿠레타케소 인사동,2023-06-03,2023-06-03,서울 종로구 인사동길 20-9,서울 종로구 인사동 34-2,,,,,POI01000000B1G4IA,호텔쿠레타케소,60.0,24,Y,2.0,1.0,4.0,3.0,3.0,
1073,2305270006,e_e000491,6,자일 랜드 글램핑,2023-05-27,2023-05-28,경기 포천시 영북면 호국로4350번길 154-187,경기 포천시 영북면 자일리 7-1,127.3096558,38.1056376,,,POI02001TR024772V,자일랜드글램핑,480.0,24,Y,4.0,5.0,5.0,5.0,5.0,
1086,2305160006,e_e000496,6,경원재앰배서더 인천,2023-05-16,2023-05-17,인천 연수구 테크노파크로 200,인천 연수구 송도동 24-11,126.6376842,37.3914753,,,POI010000006EGDX6,경원재앰배서더 인천,360.0,24,N,1.0,1.0,5.0,5.0,5.0,
1093,2306030002,e_e000500,4,아멕스 랜드,2023-06-03,2023-06-04,경기 연천군 왕징면 왕산로218번길 61,경기 연천군 왕징면 무등리 183-1,,,,,POI01000TR028039V,알멕스랜드,690.0,24,N,5.0,4.0,1.0,5.0,5.0,
1099,2306040004,e_e000500,8,아멕스 랜드,2023-06-04,2023-06-05,경기 연천군 왕징면 왕산로218번길 61,경기 연천군 왕징면 무등리 183-1,,,,,POI01000TR028039V,알멕스랜드,630.0,24,Y,5.0,4.0,5.0,5.0,5.0,
1128,2305190004,e_e000509,4,토요코인 호텔 영등포점,2023-05-19,2023-05-19,서울 영등포구 신길로 293,서울 영등포구 영등포동1가 106,126.9120126,37.5176222,,,POI01000000B1H73Z,토요코인호텔 영등포점,30.0,24,N,6.0,1.0,5.0,5.0,5.0,
1132,2305190009,e_e000509,8,토요코인 호텔 영등포점,2023-05-19,2023-05-20,서울 영등포구 신길로 293,서울 영등포구 영등포동1가 106,126.9120126,37.5176222,,,POI01000000B1H73Z,토요코인호텔 영등포점,30.0,24,N,7.0,1.0,5.0,5.0,5.0,
1179,2305160008,e_e000526,7,서울 큐브의화,2023-05-16,2023-05-17,서울 마포구 대흥로30길 18-10,서울 마포구 염리동 9-124,126.9468477,37.5560238,,,POI01000000D9IDP2,서울큐브이화,180.0,24,N,2.0,7.0,4.0,5.0,4.0,
1215,2306010002,e_e000540,2,파크 마린 호텔,2023-06-01,2023-06-01,인천 남동구 소래역로 44,인천 남동구 논현동 677-1,126.7347793,37.4010179,,,POI01000000DC560W,파크마린관광호텔,150.0,24,Y,8.0,1.0,4.0,3.0,4.0,
1218,2306010008,e_e000540,5,파크 마린 호텔,2023-06-01,2023-06-02,인천 남동구 소래역로 44,인천광역시 남동구 논현동 677-1대,126.7348277,37.4010469,,,POI01000000DC560W,파크마린관광호텔,240.0,24,Y,8.0,1.0,4.0,3.0,4.0,4139013500.0
1247,2306090005,e_e000547,2,경기도 교직원 가평 서덕원,2023-06-09,2023-06-10,경기 가평군 가평읍 북한강변로 238,경기 가평군 가평읍 금대리 520-5,127.5334043,37.7515475,,,POI01000000ASCUHL,경기도교직원가평수덕원,390.0,24,N,8.0,4.0,5.0,5.0,5.0,
1252,2305260002,e_e000548,3,곤지암리조트,2023-05-26,2023-05-27,경기 광주시 도척면 도척윗로 278,경기 광주시 도척면 도웅리 534,127.2940917,37.3379816,,,POI01000TR001676V,곤지암리조트,300.0,24,N,1.0,4.0,5.0,5.0,5.0,
1292,2305200007,e_e000561,7,아트 폴레,2023-05-20,2023-05-21,인천 연수구 인천타워대로 257,인천 연수구 송도동 84-2,126.6320243,37.3935617,,,POI01000TR018424V,아트포레,120.0,24,Y,11.0,10.0,4.0,4.0,4.0,
1314,2305280006,e_e000563,5,호텔야자,2023-05-28,2023-05-29,서울 종로구 수표로28길 9-1,서울 종로구 낙원동 86,126.98892,37.5730839,,,POI01000TR019843V,호텔야자 종로점,750.0,24,N,6.0,1.0,3.0,2.0,2.0,
1348,2305240005,e_e000567,5,국립 아세안자연휴양림,2023-05-24,2023-05-25,경기 양주시 백석읍 기산로 472,경기 양주시 백석읍 기산리 산 103-1,126.9421849,37.7737671,,,POI01000TR018301V,국립아세안자연휴양림,390.0,24,N,2.0,9.0,5.0,5.0,5.0,
1381,2305230005,e_e000590,5,탑클라우드 호텔 수원점,2023-05-23,2023-05-23,경기 수원시 장안구 수성로350번길 13,경기 수원시 장안구 영화동 305-1,127.0108899,37.2924426,,,POI010000006MZKLS,TOPCLOUP호텔,30.0,24,N,6.0,1.0,5.0,5.0,5.0,
1383,2305230007,e_e000590,7,탑클라우드 호텔 수원점,2023-05-23,2023-05-23,경기 수원시 장안구 수성로350번길 13,경기 수원시 장안구 영화동 305-1,127.0108899,37.2924426,,,POI010000006MZKLS,TOPCLOUP호텔,810.0,24,N,6.0,1.0,5.0,5.0,5.0,
1384,2305230010,e_e000590,8,탑클라우드 호텔 수원점,2023-05-23,2023-05-24,경기 수원시 장안구 수성로350번길 13,경기도 수원시 장안구 영화동 305-1대,127.0108905,37.2924484,,,POI010000006MZKLS,TOPCLOUP호텔,90.0,24,N,2.0,1.0,5.0,5.0,5.0,4115010600.0
1406,2305270003,e_e000595,3,곤지암리조트,2023-05-27,2023-05-27,경기 광주시 도척면 도척윗로 278,경기 광주시 도척면 도웅리 534,127.2940917,37.3379816,,,POI01000TR001676V,곤지암리조트,60.0,24,N,1.0,4.0,4.0,4.0,5.0,
1409,2305270006,e_e000595,6,곤지암리조트,2023-05-27,2023-05-28,경기 광주시 도척면 도척윗로 278,경기 광주시 도척면 도웅리 534,127.2940917,37.3379816,,,POI01000TR001676V,곤지암리조트,240.0,24,N,1.0,4.0,5.0,4.0,4.0,
1421,2306040002,e_e000599,9,더 플라자,2023-06-04,2023-06-05,,,,,,,,,270.0,24,N,7.0,1.0,3.0,3.0,3.0,1114010300.0
1422,2306040003,e_e000599,2,더 플라자,2023-06-04,2023-06-04,서울 중구 소공로 119,서울 중구 태평로2가 23,126.9781107,37.5646923,,,POI01000TR042819V,더플라자,30.0,24,N,1.0,1.0,4.0,4.0,4.0,
1449,2305270006,e_e000603,6,호텔 PJ,2023-05-27,2023-05-28,서울 중구 마른내로 71,서울 중구 인현동1가 2-35,126.9957215,37.5647943,,,POI01000TR042699V,PJ호텔,450.0,24,N,6.0,1.0,5.0,5.0,5.0,
1453,2305280004,e_e000603,10,호텔 PJ,2023-05-28,2023-05-29,서울 중구 마른내로 71,서울 중구 인현동1가 2-35,126.9957215,37.5647943,,,POI01000TR042699V,PJ호텔,270.0,24,N,6.0,1.0,5.0,5.0,5.0,
1489,2305200007,e_e000607,6,일월일지,2023-05-20,2023-05-21,경기 양평군 단월면 통골길 71,경기 양평군 단월면 명성리 17-1,127.6805806,37.6008224,,,POI02001TR024599V,일월일지,480.0,24,N,11.0,3.0,5.0,3.0,3.0,
1496,2305220002,e_e000608,6,라마다 서울 동대문,2023-05-22,2023-05-23,서울 중구 동호로 354,서울특별시 중구 을지로5가 138대,127.0028059,37.5659111,,,POI010000006LNUCG,라마다호텔,30.0,24,N,5.0,1.0,4.0,3.0,4.0,1114015100.0
1530,2306100011,e_e000615,7,호텔 소노,2023-06-10,2023-06-10,충남 청양군 청양읍 칠갑산로5길 5-1,충남 청양군 청양읍 읍내리 209-31,126.8039029,36.451126,,,POI02001TR033674V,호텔소노,120.0,24,N,6.0,1.0,5.0,5.0,5.0,
1531,2306100012,e_e000615,11,호텔 소노,2023-06-10,2023-06-11,인천 중구 우현로9번길 13,인천 중구 사동 15-1,126.6254752,37.468936,,,POI01000000EQHL68,호텔소노,60.0,24,N,6.0,1.0,5.0,4.0,4.0,
1537,2305270003,e_e000618,3,더 플라자,2023-05-27,2023-05-27,서울 중구 소공로 119,서울 중구 태평로2가 23,126.9781107,37.5646923,,,POI01000TR042819V,더플라자,30.0,24,N,5.0,1.0,5.0,4.0,4.0,
1540,2305270006,e_e000618,6,더 플라자,2023-05-27,2023-05-28,서울 중구 소공로 119,서울 중구 태평로2가 23,126.9781107,37.5646923,,,POI01000TR042819V,더플라자,30.0,24,Y,8.0,1.0,4.0,4.0,4.0,
1548,2305280008,e_e000618,14,더 플라자,2023-05-28,2023-05-29,서울 중구 소공로 119,서울 중구 태평로2가 23,126.9781107,37.5646923,,,POI01000TR042819V,더플라자,180.0,24,Y,11.0,1.0,4.0,4.0,4.0,
1563,2305270005,e_e000621,5,홀리데이인 인천 송도,2023-05-27,2023-05-27,인천 연수구 인천타워대로 251,인천 연수구 송도동 33-1,126.6330159,37.3930917,,,POI01000000CIV8G9,홀리데이인인천송도,1320.0,24,N,6.0,1.0,4.0,4.0,4.0,
1564,2305270006,e_e000621,6,홀리데이인 인천 송도,2023-05-27,2023-05-28,인천 연수구 인천타워대로 251,인천 연수구 송도동 33-1,126.6330159,37.3930917,,,POI01000000CIV8G9,홀리데이인인천송도,360.0,24,N,6.0,1.0,5.0,4.0,4.0,
1574,2305280010,e_e000621,16,홀리데이인 인천 송도,2023-05-28,2023-05-29,인천 연수구 인천타워대로 251,인천 연수구 송도동 33-1,126.6330159,37.3930917,,,POI01000000CIV8G9,홀리데이인인천송도,1410.0,24,Y,6.0,1.0,4.0,4.0,4.0,
1589,2305190002,e_e000623,2,반달곰이 살던 숲,2023-05-19,2023-05-20,경기 화성시 정남면 정송길23번길 18,경기 화성시 정남면 백리 360-1,126.9567896,37.1631493,,,POI02001TR011895V,반달곰이살던숲,330.0,24,N,2.0,5.0,5.0,5.0,5.0,
1590,2305200001,e_e000623,3,반달곰이 살던 숲,2023-05-20,2023-05-21,경기 화성시 정남면 정송길23번길 18,경기 화성시 정남면 백리 360-1,126.9567896,37.1631493,,,POI02001TR011895V,반달곰이살던숲,1440.0,24,N,2.0,5.0,5.0,5.0,5.0,
1601,2305190002,e_e000627,10,올라 카이 송도파크호텔,2023-05-19,2023-05-20,인천 연수구 테크노파크로 151,인천 연수구 송도동 93-1,126.6407978,37.388124,,,POI010000006EGLBS,오라카이 송도파크호텔,150.0,24,N,2.0,1.0,5.0,5.0,5.0,4111113000.0
1608,2305190009,e_e000627,8,올라 카이 송도파크호텔,2023-05-19,2023-05-19,인천 연수구 테크노파크로 151,인천 연수구 송도동 93-1,126.6407978,37.388124,,,POI010000006EGLBS,오라카이 송도파크호텔,210.0,24,N,2.0,1.0,5.0,5.0,5.0,
1612,2305200003,e_e000627,12,올라 카이 송도파크호텔,2023-05-20,2023-05-20,인천 연수구 테크노파크로 151,인천 연수구 송도동 93-1,126.6407978,37.388124,,,POI010000006EGLBS,오라카이 송도파크호텔,210.0,24,N,2.0,1.0,5.0,5.0,5.0,
1616,2305260002,e_e000628,4,소노휴,2023-05-26,2023-05-27,경기 양평군 개군면 신내길7번길 55,경기 양평군 개군면 공세리 389-7,127.5326725,37.4692263,,,POI01000TR017165V,소노휴 양평,180.0,24,N,5.0,4.0,5.0,5.0,5.0,
1620,2305270002,e_e000628,6,클럽 보드리조트,2023-05-27,2023-05-28,경기 가평군 가평읍 북한강변로 214,경기 가평군 가평읍 금대리 510,127.5307624,37.7495971,,,POI02001TR029707V,클럽보드리조트,600.0,24,N,2.0,4.0,5.0,5.0,5.0,
1708,2305200005,e_e000655,5,A 플러스 호텔,2023-05-20,2023-05-21,경기 부천시 부일로233번길 43,경기 부천시 상동 450-2,126.7561813,37.4902327,,,POI01000000DRJZHZ,A+호텔,210.0,24,N,8.0,2.0,4.0,3.0,3.0,
1711,2305210003,e_e000655,8,에스 모텔,2023-05-21,2023-05-21,경기 부천시 부일로750번길 31,경기 부천시 역곡동 112-3,126.8143541,37.4864136,,,POI01000000EXUD0E,에스모텔,90.0,24,N,8.0,2.0,2.0,2.0,2.0,
1714,2305210006,e_e000655,11,에스 모텔,2023-05-21,2023-05-22,경기 부천시 부일로750번길 31,경기 부천시 역곡동 112-3,126.8143541,37.4864136,,,POI01000000EXUD0E,에스모텔,180.0,24,Y,8.0,2.0,2.0,2.0,2.0,
1776,2305270004,e_e000673,4,위코스테이,2023-05-27,2023-05-27,인천 중구 영종진광장로 10,인천 중구 중산동 1947-5,126.5792148,37.4927506,,,POI02001TR023346V,위코스테이 영종,120.0,24,N,8.0,1.0,5.0,5.0,5.0,
1778,2305270010,e_e000673,6,위코스테이,2023-05-27,2023-05-28,인천 중구 영종진광장로 10,,126.5791742,37.4927745,,,POI02001TR023346V,위코스테이 영종,180.0,24,N,8.0,1.0,5.0,5.0,5.0,2811014500.0
1784,2306030002,e_e000680,2,페어몬트앰배서더,2023-06-03,2023-06-03,페어몬트호텔,,,,,,,,30.0,24,N,1.0,1.0,4.0,2.0,4.0,1156011000.0
1789,2306030007,e_e000680,7,페어몬트앰배서더,2023-06-03,2023-06-04,서울 영등포구 여의대로 108,서울 영등포구 여의도동 22,126.9290916,37.5251877,,,POI01000TR021207V,페어몬트 앰배서더 서울,60.0,24,N,6.0,1.0,4.0,3.0,3.0,
1797,2306040008,e_e000680,15,페어몬트앰배서더,2023-06-04,2023-06-05,서울 영등포구 여의대로 108,서울 영등포구 여의도동 22,126.9290916,37.5251877,,,POI01000TR021207V,페어몬트 앰배서더 서울,60.0,24,Y,6.0,1.0,4.0,3.0,3.0,
1804,2306050007,e_e000680,22,페어몬트앰배서더,2023-06-05,2023-06-06,서울 영등포구 여의대로 108,서울 영등포구 여의도동 22,126.9290916,37.5251877,,,POI01000TR021207V,페어몬트 앰배서더 서울,180.0,24,Y,6.0,1.0,4.0,3.0,3.0,
1815,2305230008,e_e000682,8,호텔 달,2023-05-23,2023-05-23,경기 수원시 팔달구 화서문로75번길 20,경기 수원시 팔달구 북수동 59-9,127.0169831,37.2868266,,,POI010000006N00QF,호텔달,210.0,24,N,11.0,2.0,5.0,5.0,5.0,
1818,2305230011,e_e000682,11,호텔 달,2023-05-23,2023-05-24,경기 수원시 팔달구 화서문로75번길 20,경기 수원시 팔달구 북수동 59-9,127.0169831,37.2868266,,,POI010000006N00QF,호텔달,120.0,24,N,8.0,2.0,5.0,5.0,5.0,
1969,2305200007,e_e000715,7,호텔 지트,2023-05-20,2023-05-20,경기 시흥시 거북섬둘레길 1,경기 시흥시 정왕동 2706-12,126.6756441,37.3251602,,,POI02001TR033770V,호텔지뜨,780.0,24,N,7.0,1.0,4.0,4.0,4.0,
1970,2305200008,e_e000715,8,지트,2023-05-20,2023-05-21,,,,,,,,,60.0,24,N,8.0,1.0,4.0,4.0,4.0,
1988,2305260008,e_e000718,6,수원 시청역 하루,2023-05-26,2023-05-27,관광로 123번길 25,,,,,,,,150.0,24,N,8.0,2.0,4.0,2.0,2.0,4111313700.0
1998,2305200005,e_e000733,4,자연과 별 가평 천문대,2023-05-20,2023-05-21,경기 가평군 북면 백둔로342번길 115-33,경기 가평군 북면 백둔리 122-3,127.4740424,37.9129483,,,POI02001TR024731V,자연과별가평천문대,1110.0,24,N,5.0,3.0,3.0,2.0,3.0,
2004,2305200004,e_e000734,4,힐스테이트 삼송역 스칸센 오피스텔(2블록),2023-05-20,2023-05-21,경기 고양시 덕양구 삼송로 240,경기 고양시 덕양구 삼송동 294,126.9008868,37.6531741,,,POI01000000B1G6A4,힐스테이트삼송역오피스텔103동,120.0,22,Y,5.0,10.0,4.0,4.0,4.0,
2008,2305210004,e_e000734,8,힐스테이트 삼송역 스칸센 오피스텔(2블록),2023-05-21,2023-05-22,경기 고양시 덕양구 삼송로 240,경기 고양시 덕양구 삼송동 294,126.9008868,37.6531741,,,POI01000000B1G6A4,힐스테이트삼송역오피스텔103동,420.0,22,Y,5.0,10.0,4.0,3.0,3.0,
2014,2305220006,e_e000734,14,힐스테이트 삼송역 스칸센 오피스텔(2블록),2023-05-22,2023-05-23,경기 고양시 덕양구 삼송로 240,경기 고양시 덕양구 삼송동 294,126.9008868,37.6531741,,,POI01000000B1G6A4,힐스테이트삼송역오피스텔103동,420.0,22,Y,5.0,10.0,4.0,3.0,4.0,
2059,2305200004,e_e000747,4,해목 글램핑,2023-05-20,2023-05-21,경기 가평군 조종면 운악청계로371번길 74-36,경기 가평군 조종면 신상리 262-74,127.3489981,37.8532277,,,POI02001TR032627V,해목글램핑,600.0,24,N,2.0,5.0,5.0,4.0,4.0,
2126,2305210006,e_e000765,6,라벤더 온천 모텔,2023-05-21,2023-05-21,경기 화성시 팔탄면 버들로1597번길 22,경기 화성시 팔탄면 월문리 235-68,126.8759941,37.1158983,,,POI01000000B6ETRB,라벤더온천모텔,810.0,24,N,7.0,2.0,4.0,4.0,4.0,
2127,2305210007,e_e000765,7,라벤더 온천 모텔,2023-05-21,2023-05-22,경기 화성시 팔탄면 버들로1597번길 22,,,,,,,,360.0,24,N,7.0,2.0,3.0,4.0,4.0,3611010600.0
2142,2306020002,e_e000771,3,곤지암리조트 West 빌리지,2023-06-02,2023-06-03,경기 광주시 도척면 도척윗로 278,경기 광주시 도척면 도웅리 533,127.2936802,37.3380854,,,POI02001TR002685V,곤지암리조트 West빌리지,210.0,24,N,8.0,4.0,1.0,5.0,5.0,
2152,2305280005,e_e000774,6,더블 스테이 쁘띠로 키즈 풀빌라,2023-05-28,2023-05-29,경기 가평군 가평읍 호반로 2130-14,경기 가평군 가평읍 이화리 107-31,127.5087757,37.7807257,,,POI02001TR007122V,더블스테이 쁘띠로키즈풀빌라,600.0,24,N,7.0,3.0,4.0,3.0,4.0,
2166,2305200006,e_e000785,6,미리내리조트 힐 빅클럽,2023-05-20,2023-05-21,경기 양평군 지평면 월산저수지길 21,경기 양평군 지평면 월산리 576-1,127.6492441,37.4812121,,,POI01000000912M0U,미리내힐빙클럽내,210.0,24,N,5.0,4.0,5.0,5.0,5.0,
2183,2305200004,e_e000789,4,파크뷰 테라스 호텔,2023-05-20,2023-05-21,,경기 파주시 야당동 1079-1,126.7620566,37.716399,,,POI01000TR034584V,파크뷰테라스호텔,180.0,24,N,2.0,1.0,5.0,5.0,5.0,
2238,2305250002,e_e000804,3,글래드 마포,2023-05-25,2023-05-26,서울 마포구 마포대로 92,서울 마포구 도화동 25-13,126.9513505,37.5427865,,,POI010000006GN55F,글래드 마포,300.0,24,N,1.0,1.0,5.0,5.0,5.0,
2242,2305260003,e_e000804,6,호텔 라르,2023-05-26,2023-05-26,경기 김포시 고촌읍 장차로5번길 5-9,경기 김포시 고촌읍 신곡리 1068-3,126.7692841,37.6027016,,,POI01000000DRKPR0,호텔라르,120.0,24,Y,4.0,1.0,5.0,5.0,5.0,
2245,2305260006,e_e000804,9,호텔 라르,2023-05-26,2023-05-27,경기 김포시 고촌읍 장차로5번길 5-9,경기 김포시 고촌읍 신곡리 1068-3,126.7692841,37.6027016,,,POI01000000DRKPR0,호텔라르,1440.0,24,Y,4.0,1.0,5.0,5.0,5.0,
2251,2305270006,e_e000804,15,호텔 라르,2023-05-27,2023-05-28,경기 김포시 고촌읍 장차로5번길 5-9,경기 김포시 고촌읍 신곡리 1068-3,126.7692841,37.6027016,,,POI01000000DRKPR0,호텔라르,150.0,24,Y,8.0,1.0,5.0,5.0,5.0,
2299,2305200007,e_e000810,7,소담빌,2023-05-20,2023-05-21,서울 노원구 노해로85길 10-55,서울 노원구 상계동 330-29,127.0661543,37.6564596,,,POI01000000C81OAF,소담빌,60.0,24,N,8.0,11.0,5.0,5.0,5.0,
2324,2305200006,e_e000812,6,경기도 교직원 가평 서덕원,2023-05-20,2023-05-21,경기 가평군 가평읍 북한강변로 238,경기 가평군 가평읍 금대리 520-5,127.5334043,37.7515475,,,POI01000000ASCUHL,경기도교직원가평수덕원,210.0,24,N,8.0,4.0,5.0,5.0,5.0,
2339,2305310002,e_e000818,3,무아레 도그 라운드,2023-05-31,2023-06-01,삼회리 464 (경기 가평군 청평면 북한강로1636번길 25),,,,,,,,510.0,24,N,11.0,3.0,5.0,3.0,4.0,4182032500.0
2356,2305270002,e_e000828,10,호텔 알로하,2023-05-27,2023-05-28,경기 포천시 일동면 화동로 1037,경기 포천시 일동면 기산리 89-3,127.3164106,37.956146,,,POI01000000DRLKUZ,호텔알로하,330.0,24,N,8.0,1.0,3.0,3.0,3.0,
2362,2305270008,e_e000828,7,호텔 알로하,2023-05-27,2023-05-27,경기 포천시 일동면 화동로 1037,경기 포천시 일동면 기산리 89-3,127.3164106,37.956146,,,POI01000000DRLKUZ,호텔알로하,90.0,24,N,8.0,1.0,3.0,3.0,3.0,
2365,2305280001,e_e000828,18,호텔 알로하,2023-05-28,2023-05-29,경기 포천시 일동면 화동로 1037,경기 포천시 일동면 기산리 89-3,127.3164106,37.956146,,,POI01000000DRLKUZ,호텔알로하,300.0,24,N,8.0,1.0,3.0,3.0,3.0,
2400,2305210002,e_e000841,10,호텔도노,2023-05-21,2023-05-22,경기 수원시 팔달구 신풍로 68,경기 수원시 팔달구 장안동 30-6,127.0138346,37.2870468,,,POI01000TR033786V,호텔도노,180.0,24,N,2.0,1.0,4.0,3.0,3.0,
2406,2305210008,e_e000841,7,호텔도노,2023-05-21,2023-05-21,경기 수원시 팔달구 신풍로 68,경기 수원시 팔달구 장안동 30-6,127.0138346,37.2870468,,,POI01000TR033786V,호텔도노,120.0,24,N,2.0,1.0,4.0,3.0,3.0,
2415,2305270002,e_e000844,6,소피텔앰배서더,2023-05-27,2023-05-28,서울 송파구 잠실로 209,서울 송파구 신천동 29-1,127.1064031,37.5138805,,,POI01000TR009804V,소피텔 앰배서더 서울,510.0,24,N,2.0,1.0,4.0,4.0,4.0,2714010200.0
2417,2305270004,e_e000844,3,소피텔앰배서더,2023-05-27,2023-05-27,서울 송파구 잠실로 209,서울 송파구 신천동 29-1,127.1061654,37.5137861,,,POI01000TR009804V,소피텔 앰배서더 서울,270.0,24,N,2.0,1.0,5.0,4.0,4.0,
2454,2305240005,e_e000856,5,맹그로브 신설점,2023-05-24,2023-05-24,서울 동대문구 왕산로 22,서울 동대문구 신설동 98-24,127.0260733,37.5761846,,,POI01000000E65J7B,쏘카존맹그로브신설점,60.0,24,N,8.0,11.0,4.0,4.0,4.0,
2457,2305240008,e_e000856,8,맹그로브 신설점,2023-05-24,2023-05-25,서울 동대문구 왕산로 22,서울 동대문구 신설동 98-24,127.0260733,37.5761846,,,POI01000000E65J7B,쏘카존맹그로브신설점,60.0,24,N,8.0,11.0,4.0,4.0,4.0,
2465,2305250008,e_e000856,16,맹그로브 신설점,2023-05-25,2023-05-26,서울 동대문구 왕산로 22,서울 동대문구 신설동 98-24,127.0260733,37.5761846,,,POI01000000E65J7B,쏘카존맹그로브신설점,60.0,24,Y,8.0,11.0,4.0,4.0,4.0,
2469,2305260004,e_e000856,20,맹그로브 신설점,2023-05-26,2023-05-27,서울 동대문구 왕산로 22,서울 동대문구 신설동 98-24,127.0260733,37.5761846,,,POI01000000E65J7B,쏘카존맹그로브신설점,60.0,24,Y,4.0,11.0,4.0,4.0,4.0,
2503,2306040005,e_e000861,9,토요코인 호텔 서울 동대문 2,2023-06-04,2023-06-05,서울 중구 퇴계로 325,서울 중구 광희동2가 14-1,127.0078201,37.5644932,,,POI01000TR027791V,토요코인호텔 서울동대문2,210.0,24,N,7.0,1.0,5.0,5.0,5.0,
2509,2306050006,e_e000861,15,토요코인 호텔 서울 동대문 ,2023-06-05,2023-06-06,서울 중구 퇴계로 325,서울 중구 광희동2가 14-1,127.0078201,37.5644932,,,POI01000TR027791V,토요코인호텔 서울동대문2,330.0,24,Y,6.0,1.0,5.0,5.0,5.0,
2517,2305270003,e_e000863,3,소풍 모텔,2023-05-27,2023-05-28,경기 성남시 분당구 분당로53번길 14,경기 성남시 분당구 서현동 268-4,127.1221965,37.3838165,,,POI010000008H5DSV,소풍모텔,120.0,24,N,8.0,2.0,3.0,2.0,3.0,
2519,2305280002,e_e000863,6,호텔 아르떼,2023-05-28,2023-05-28,경기 수원시 팔달구 인계로108번길 37,경기 수원시 팔달구 인계동 1033-18,127.0290416,37.2661364,,,POI01000000ALWPLX,아르테호텔,60.0,24,N,8.0,1.0,5.0,5.0,5.0,
2524,2305280007,e_e000863,10,호텔 아르떼,2023-05-28,2023-05-29,경기 수원시 팔달구 인계로108번길 37,경기 수원시 팔달구 인계동 1033-18,127.0290416,37.2661364,,,POI01000000ALWPLX,아르테호텔,300.0,24,N,8.0,1.0,5.0,5.0,4.0,
2530,2305250002,e_e000865,2,오션 솔레 뷰 호텔,2023-05-25,2023-05-25,인천 중구 영종진광장로 32,인천 중구 중산동 1947-1,126.5793268,37.4945557,,,POI01000000D8MSFA,(주)지티인터내셔널오션솔레뷰호텔,360.0,24,Y,8.0,1.0,4.0,4.0,4.0,
2532,2305250004,e_e000865,4,오션 솔레 뷰 호텔,2023-05-25,2023-05-26,인천 중구 영종진광장로 32,인천 중구 중산동 1947-1,126.5793268,37.4945557,,,POI01000000D8MSFA,(주)지티인터내셔널오션솔레뷰호텔,120.0,24,Y,4.0,1.0,4.0,4.0,4.0,
2538,2306030003,e_e000872,3,칼봉산 자연휴양림,2023-06-03,2023-06-04,경기 가평군 가평읍 경반안로 454,경기 가평군 가평읍 경반리 산 137,127.4648149,37.8372736,,,POI01000000BFYPW5,칼봉산자연휴양림,1170.0,24,N,1.0,9.0,5.0,5.0,5.0,
2571,2306010009,e_e000883,8,토요코인 호텔 서울 강남점,2023-06-01,2023-06-02,서울 서초구 강남대로 323,서울 서초구 서초동 1337-27,127.0299655,37.491877,,,POI01000000DITG77,토요코인서울강남,180.0,24,N,8.0,1.0,5.0,5.0,5.0,
2594,2305240005,e_e000902,6,돈키호테,2023-05-24,2023-05-25,인천 중구 우현로9번길 36,인천 중구 사동 17-44,126.6251955,37.4694802,,,POI02001TR007674V,돈키호테,510.0,24,N,8.0,2.0,5.0,5.0,4.0,
2597,2305250002,e_e000902,9,오션파크 나인 호텔,2023-05-25,2023-05-26,인천 중구 영종진광장로 10,인천 중구 중산동 1947-5,126.5792689,37.4927805,,,POI01000000C3U5EO,뉴코아아울렛 동수원점,450.0,24,N,8.0,1.0,5.0,5.0,5.0,
2604,2306050003,e_e000906,3,장화리 낙조마을,2023-06-05,2023-06-05,,인천 강화군 화도면 장화리 433-4,126.3805117,37.6230346,,,POI01000TR020205V,장화리낙조마을,120.0,1,N,6.0,5.0,5.0,5.0,5.0,
2605,2306050004,e_e000906,4,바다로 글램핑,2023-06-05,2023-06-06,인천 강화군 화도면 해안남로 2421-228,인천 강화군 화도면 장화리 467-4,126.3769031,37.621775,,,POI02001TR011669V,바다로글램핑,480.0,24,N,2.0,5.0,5.0,5.0,5.0,
2648,2305280002,e_e000917,2,파로스 관광호텔,2023-05-28,2023-05-28,서울 송파구 올림픽로10길 5,서울 송파구 잠실동 180,127.0811662,37.5110597,,,POI01000000BI0V6Q,파로스관광호텔,60.0,24,N,6.0,1.0,5.0,5.0,5.0,
2651,2305280005,e_e000917,5,파로스 관광호텔,2023-05-28,2023-05-28,서울 송파구 올림픽로10길 5,서울 송파구 잠실동 180,127.0811662,37.5110597,,,POI01000000BI0V6Q,파로스관광호텔,30.0,24,Y,6.0,1.0,5.0,5.0,5.0,
2653,2305280007,e_e000917,7,파로스 관광호텔,2023-05-28,2023-05-29,서울 송파구 올림픽로10길 5,서울 송파구 잠실동 180,127.0811662,37.5110597,,,POI01000000BI0V6Q,파로스관광호텔,1440.0,24,N,6.0,1.0,5.0,5.0,5.0,
2670,2305250005,e_e000930,9,어반 스테이 부티크 익선,2023-05-25,2023-05-25,서울 종로구 돈화문로11나길 53,서울 종로구 익선동 53,126.9894495,37.5749797,,,POI02001TR020262V,어반스테이 부티크 익선,60.0,24,N,2.0,1.0,4.0,3.0,4.0,
2674,2305250009,e_e000930,13,어반 스테이 부티크 익선,2023-05-25,2023-05-26,서울 종로구 돈화문로11나길 53,서울 종로구 익선동 53,126.9894495,37.5749797,,,POI02001TR020262V,어반스테이 부티크 익선,60.0,24,N,2.0,1.0,4.0,4.0,4.0,
2711,2306010002,e_e000936,8,올라 카이 송도파크호텔,2023-06-01,2023-06-02,인천 연수구 테크노파크로 151,인천 연수구 송도동 93-1,126.6407978,37.388124,,,POI010000006EGLBS,오라카이 송도파크호텔,180.0,24,N,8.0,1.0,5.0,5.0,5.0,
2713,2306010004,e_e000936,3,올라 카이 송도파크호텔,2023-06-01,2023-06-01,인천 연수구 테크노파크로 151,인천 연수구 송도동 93-1,126.6407978,37.388124,,,POI010000006EGLBS,오라카이 송도파크호텔,180.0,24,N,8.0,1.0,5.0,5.0,5.0,
2728,2306030006,e_e000942,5,평화누리 체험장,2023-06-03,2023-06-04,경기 연천군 장남면 원당로87번길 34,경기 연천군 장남면 원당리 678,126.8837028,37.9810464,,,POI02001TR030922V,평화누리체험장,540.0,24,N,8.0,5.0,1.0,1.0,1.0,
2753,2305280003,e_e000946,23,파크 하얏트 서울,2023-05-28,2023-05-28,서울 강남구 테헤란로 606,서울 강남구 대치동 995-14,127.0642831,37.508732,,,POI01000TR103502V,파크 하얏트 서울,120.0,24,N,5.0,1.0,5.0,5.0,5.0,
2756,2305280006,e_e000946,26,파크 하얏트 서울,2023-05-28,2023-05-29,서울 강남구 테헤란로 606,서울 강남구 대치동 995-14,127.0642831,37.508732,,,POI01000TR103502V,파크 하얏트 서울,240.0,24,N,2.0,1.0,5.0,5.0,5.0,
2764,2306070002,e_e000947,8,한화리조트,2023-06-07,2023-06-08,경기 포천시 영북면 산정호수로 402,경기 포천시 영북면 산정리 454-4,127.3139588,38.0662041,,,POI01000000BYKT9R,한화리조트 산정호수 안시,240.0,24,N,11.0,4.0,3.0,2.0,2.0,
2788,2306080006,e_e000951,6,궁 게스트하우스,2023-06-08,2023-06-08,서울 종로구 율곡로8길 67,서울 종로구 와룡동 60,126.9914351,37.5743816,,,POI01000TR029681V,궁게스트하우스,0.0,24,N,8.0,7.0,3.0,2.0,1.0,11.0
2792,2306080010,e_e000951,10,궁 게스트하우스,2023-06-08,2023-06-09,서울 종로구 율곡로8길 67,서울 종로구 와룡동 60,126.9914351,37.5743816,,,POI01000TR029681V,궁게스트하우스,180.0,24,N,8.0,7.0,3.0,2.0,2.0,
2965,2306090002,e_e000994,2,크리스 월드,2023-06-09,2023-06-10,경기 가평군 가평읍 북한강변로 360-91,경기 가평군 가평읍 금대리 49-4,127.5416977,37.7604075,,,POI01000TR041816V,크리스월드,150.0,24,N,2.0,8.0,3.0,3.0,3.0,
2994,2305260002,e_e000998,2,새 연가라 반리조트 가평 현리 1호점,2023-05-26,2023-05-27,경기 가평군 조종면 운악청계로333번길 86,경기 가평군 조종면 신상리 475-3,127.3469817,37.8467865,,,POI01000000B1S2CE,새연리조트,510.0,24,N,2.0,5.0,4.0,4.0,4.0,
3014,2306100001,e_e001001,8,양평 불한증막,2023-06-10,2023-06-11,경기 양평군 양서면 경강로 1062-4,경기 양평군 양서면 복포리 346-2,127.4041038,37.5124623,,,POI01000000AQK3H0,양평유황천불한증막목욕탕,390.0,24,N,2.0,11.0,5.0,5.0,3.0,
3027,2305240007,e_e001009,7,티어스 명동,2023-05-24,2023-05-24,서울 중구 퇴계로 176,서울 중구 남학동 13-2,126.9912941,37.560809,,,POI01000000B1G52V,디어스 명동,90.0,24,Y,4.0,1.0,5.0,5.0,5.0,
3030,2305240010,e_e001009,10,티어스 명동,2023-05-24,2023-05-25,서울 중구 퇴계로 176,서울 중구 남학동 13-2,126.9912941,37.560809,,,POI01000000B1G52V,디어스 명동,90.0,24,Y,4.0,1.0,5.0,5.0,5.0,
3053,2305260002,e_e001014,4,더 플래츠 글램핑,2023-05-26,2023-05-27,경기 가평군 상면 수목원로 181-28,경기 가평군 상면 행현리 375-4,127.3645764,37.7622598,,,POI01000TR041868V,더플래츠,540.0,24,N,1.0,5.0,5.0,5.0,5.0,
3089,2305270004,e_e001024,11,브라운 도트 시흥 정왕점,2023-05-27,2023-05-28,경기 시흥시 평안상가5길 23-5,경기 시흥시 정왕동 1781-3,126.7481632,37.3360401,,,POI02001TR013529V,브라운도트 시흥정왕점,30.0,24,N,7.0,2.0,5.0,5.0,5.0,
3093,2305280004,e_e001024,15,브라운 도트 호텔 정왕점,2023-05-28,2023-05-29,경기 시흥시 평안상가5길 23-5,경기 시흥시 정왕동 1781-3,126.748177,37.3359662,,,POI02001TR013552V,브라운도트호텔 정왕점,180.0,24,Y,11.0,2.0,4.0,4.0,3.0,
3144,2305270005,e_e001030,6,아난티 코드,2023-05-27,2023-05-27,경기 가평군 설악면 유명로 1007-90,경기 가평군 설악면 방일리 717,127.4802174,37.6254928,,,POI01000000BG1LMV,아난티코드,150.0,24,Y,4.0,4.0,5.0,5.0,5.0,
3147,2305270008,e_e001030,8,아난티 코드,2023-05-27,2023-05-28,경기 가평군 설악면 유명로 1007-90,경기 가평군 설악면 방일리 717,127.4802174,37.6254928,,,POI01000000BG1LMV,아난티코드,180.0,24,Y,4.0,4.0,5.0,5.0,5.0,
3153,2306030002,e_e001031,5,썬 오브 글램 핑,2023-06-03,2023-06-04,경기 포천시 이동면 금강로6263번길 14-2,,,,,,,,450.0,24,N,8.0,5.0,3.0,2.0,2.0,4165038000.0
3199,2306040003,e_e001041,3,곤지암리조트,2023-06-04,2023-06-04,경기 광주시 도척면 도척윗로 278,경기 광주시 도척면 도웅리 534,127.2940917,37.3379816,,,POI01000TR001676V,곤지암리조트,60.0,24,Y,4.0,4.0,5.0,5.0,5.0,
3205,2306040009,e_e001041,9,곤지암리조트,2023-06-04,2023-06-05,경기 광주시 도척면 도척윗로 278,경기 광주시 도척면 도웅리 534,127.2940917,37.3379816,,,POI01000TR001676V,곤지암리조트,150.0,24,Y,4.0,4.0,5.0,5.0,5.0,
3243,2305270002,e_e001049,2,이비스 스타일 앰배서더 인천 에어포트,2023-05-27,2023-05-27,인천 중구 제2터미널대로 340,인천 중구 운서동 3233-14,126.4201521,37.4811902,,,POI02001TR024049V,이비스스타일앰배서더 인천에어포트,900.0,24,N,8.0,1.0,5.0,5.0,5.0,
3244,2305270011,e_e001049,3,이비스 스타일 앰배서더 인천 에어포트,2023-05-27,2023-05-28,인천 중구 제2터미널대로 340,,,,,,,,210.0,24,N,8.0,1.0,5.0,5.0,5.0,1135010500.0
3249,2305280005,e_e001049,8,이비스 스타일 앰배서더 인천 에어포트,2023-05-28,2023-05-29,인천 중구 제2터미널대로 340,인천 중구 운서동 3233-14,126.4201521,37.4811902,,,POI02001TR024049V,이비스스타일앰배서더 인천에어포트,180.0,24,Y,8.0,1.0,5.0,5.0,5.0,
3266,2305300004,e_e001059,4,이비스 앰배서더호텔 수원,2023-05-30,2023-05-30,경기 수원시 팔달구 권광로 132,경기 수원시 팔달구 인계동 1132-12,127.031316,37.259241,,,POI02001TR024058V,이비스앰배서더호텔 수원,120.0,24,N,8.0,1.0,4.0,4.0,4.0,
3269,2305300008,e_e001059,7,이비스 앰배서더호텔 수원,2023-05-30,2023-05-31,경기 수원시 팔달구 권광로 132,경기 수원시 팔달구 인계동 1132-12,127.031316,37.259241,,,POI02001TR024058V,이비스앰배서더호텔 수원,360.0,24,N,8.0,1.0,4.0,4.0,4.0,
3278,2305290003,e_e001060,7,킹덤 키즈 풀빌라,2023-05-29,2023-05-30,경기 가평군 설악면 미사리로 614-27,경기 가평군 설악면 미사리 320-1,127.5408867,37.7065122,,,POI01000TR009596V,킹덤키즈풀빌라,510.0,24,Y,4.0,3.0,4.0,4.0,4.0,
3367,2305290002,e_e001103,5,프로니 스타 호텔,2023-05-29,2023-05-30,,,,,,,,,540.0,24,N,8.0,1.0,4.0,5.0,4.0,1165010800.0
3419,2306030002,e_e001117,5,스토리 숲,2023-06-03,2023-06-04,경기 포천시 화현면 봉화로 201-80,경기 포천시 화현면 명덕리 165-1,127.2753704,37.8660758,,,POI02001TR018353V,스토리숲,450.0,24,N,2.0,5.0,5.0,5.0,5.0,
3430,2306030005,e_e001118,5,백학 자유로 리조트,2023-06-03,2023-06-04,경기 연천군 백학면 노아로491번길 283,경기 연천군 백학면 구미리 321,126.9488059,38.0082233,,,POI01000TR029616V,백학자유로리조트,450.0,24,N,8.0,4.0,5.0,5.0,5.0,
3435,2305280003,e_e001124,4,골든 튤립에버 용인 호텔,2023-05-28,2023-05-29,경기 용인시 처인구 포곡읍 전대로78번길 19-2,경기 용인시 처인구 포곡읍 전대리 356-1,127.2167441,37.2870583,,,POI01000TR029244V,골든튤립에버 용인호텔,480.0,24,N,8.0,1.0,4.0,5.0,4.0,
3530,2306060002,e_e001142,14,오션 솔레 뷰 호텔,2023-06-06,2023-06-07,인천 중구 영종진광장로 32,인천 중구 중산동 1947-1,126.5793379,37.4946008,,,POI01000000D8MSFA,오션솔레뷰호텔,150.0,24,Y,4.0,1.0,4.0,3.0,3.0,2811014500.0
3537,2306060009,e_e001142,8,오션 솔레 뷰 호텔,2023-06-06,2023-06-06,인천 중구 영종진광장로 32,인천 중구 중산동 1947-1,126.5793268,37.4945557,,,POI01000000D8MSFA,(주)지티인터내셔널오션솔레뷰호텔,30.0,24,Y,4.0,1.0,4.0,3.0,3.0,
3540,2306060012,e_e001142,11,오션 솔레 뷰 호텔,2023-06-06,2023-06-06,인천 중구 영종진광장로 32,인천 중구 중산동 1947-1,126.5793268,37.4945557,,,POI01000000D8MSFA,(주)지티인터내셔널오션솔레뷰호텔,30.0,24,Y,4.0,1.0,3.0,3.0,3.0,
3548,2306070006,e_e001142,20,브라운 도트 인천 송도점,2023-06-07,2023-06-07,인천 연수구 능허대로 227-7,인천 연수구 옥련동 553-7,126.6514665,37.4161802,,,POI01000TR025834V,브라운도트 인천송도점,30.0,24,N,8.0,1.0,1.0,1.0,1.0,
3553,2306070011,e_e001142,25,브라운 도트 인천 송도점,2023-06-07,2023-06-08,인천 연수구 능허대로 227-7,인천 연수구 옥련동 553-7,126.6514665,37.4161802,,,POI01000TR025834V,브라운도트 인천송도점,90.0,24,N,8.0,1.0,1.0,1.0,1.0,
3569,2305270004,e_e001149,5,호텔 베르누이 서울,2023-05-27,2023-05-28,서울 구로구 경인로 229,서울 구로구 오류동 31-277,126.8459716,37.4974351,,,POI010000006I0QIS,CU 베르누이호텔점,1440.0,24,N,6.0,1.0,5.0,5.0,5.0,
3571,2305280001,e_e001149,14,호텔 베르누이 서울,2023-05-28,2023-05-29,서울 구로구 경인로 229,서울 구로구 오류동 31-277,126.8459716,37.4974351,,,POI010000006I0QIS,CU 베르누이호텔점,1320.0,24,N,6.0,1.0,5.0,5.0,5.0,
3578,2305280008,e_e001149,12,호텔 베르누이 서울,2023-05-28,2023-05-28,서울 구로구 경인로 229,서울 구로구 오류동 31-277,126.8459716,37.4974351,,,POI010000006I0QIS,CU 베르누이호텔점,60.0,24,N,11.0,1.0,5.0,5.0,5.0,
3606,2305260004,e_e001164,4,더 리센츠 호텔,2023-05-26,2023-05-26,서울 동대문구 천호대로 383,서울 동대문구 장안동 415-15,127.0616534,37.5622744,,,POI01000000DRJZ8Q,더리센츠호텔,30.0,24,N,5.0,1.0,4.0,4.0,3.0,
3609,2305260007,e_e001164,7,더 리센츠 호텔,2023-05-26,2023-05-27,서울 동대문구 천호대로 383,서울 동대문구 장안동 415-15,127.0616534,37.5622744,,,POI01000000DRJZ8Q,더리센츠호텔,1350.0,24,N,5.0,1.0,4.0,4.0,3.0,
3614,2305270005,e_e001164,12,더 리센츠 호텔,2023-05-27,2023-05-28,서울 동대문구 천호대로 383,서울 동대문구 장안동 415-15,127.0616534,37.5622744,,,POI01000000DRJZ8Q,더리센츠호텔,90.0,24,N,5.0,1.0,4.0,4.0,3.0,
3628,2306060004,e_e001166,5,이비스앰배서더,2023-06-06,2023-06-06,서울 용산구 청파로20길 95,서울 용산구 한강로3가 40-969,126.9617639,37.5320756,,,POI01000TR003444V,이비스 스타일 앰배서더 서울 용산,60.0,24,N,1.0,1.0,5.0,5.0,5.0,
3633,2306060009,e_e001166,9,이비스앰배서더,2023-06-06,2023-06-07,서울 용산구 청파로20길 95,서울 용산구 한강로3가 40-969,126.9617639,37.5320756,,,POI01000TR003444V,이비스 스타일 앰배서더 서울 용산,270.0,24,Y,1.0,1.0,5.0,5.0,5.0,
3641,2306070008,e_e001166,17,이비스앰배서더,2023-06-07,2023-06-08,서울 용산구 청파로20길 95,서울 용산구 한강로3가 40-969,126.9617639,37.5320756,,,POI01000TR003444V,이비스 스타일 앰배서더 서울 용산,60.0,24,Y,1.0,1.0,5.0,5.0,5.0,
3644,2306080003,e_e001166,20,이비스앰배서더,2023-06-08,2023-06-08,서울 용산구 청파로20길 95,서울 용산구 한강로3가 40-969,126.9617639,37.5320756,,,POI01000TR003444V,이비스 스타일 앰배서더 서울 용산,30.0,24,Y,6.0,1.0,5.0,5.0,5.0,
3666,2306040002,e_e001173,2,산으로 간 니모,2023-06-04,2023-06-04,경기 가평군 조종면 연인산로 670-321,경기 가평군 조종면 마일리 71,127.3972581,37.8546145,,,POI02001TR014239V,산으로간니모,0.0,24,N,2.0,5.0,5.0,4.0,5.0,
3668,2306040004,e_e001173,4,산으로 간 니모,2023-06-04,2023-06-05,경기 가평군 조종면 연인산로 670-321,경기 가평군 조종면 마일리 71,127.3972581,37.8546145,,,POI02001TR014239V,산으로간니모,780.0,24,Y,2.0,5.0,5.0,4.0,4.0,
3671,2306050003,e_e001173,7,산으로 간 니모,2023-06-05,2023-06-06,경기 가평군 조종면 연인산로 670-321,경기 가평군 조종면 마일리 71,127.3972581,37.8546145,,,POI02001TR014239V,산으로간니모,600.0,24,Y,2.0,5.0,5.0,4.0,5.0,
3673,2306060002,e_e001173,9,산으로 간 니모,2023-06-06,2023-06-06,경기 가평군 조종면 연인산로 670-321,경기 가평군 조종면 마일리 71,127.3972581,37.8546145,,,POI02001TR014239V,산으로간니모,240.0,24,Y,2.0,5.0,5.0,4.0,5.0,
3679,2305270002,e_e001174,9,골드리버 호텔,2023-05-27,2023-05-28,서울 금천구 서부샛길 584,서울특별시 금천구 가산동 547-63대,126.8769546,37.4783308,,,POI01000000BJUCWS,골드리버관광호텔입구,180.0,24,N,8.0,1.0,4.0,4.0,4.0,1154510100.0
3687,2305280001,e_e001174,15,골드리버 호텔,2023-05-28,2023-05-29,서울 금천구 서부샛길 584,서울 금천구 가산동 547-63,126.8769805,37.4783323,,,POI01000000BJUCWS,골드리버관광호텔입구,120.0,24,Y,8.0,1.0,4.0,4.0,4.0,
3710,2306020002,e_e001180,4,클럽 아일랜드 글램핑 카라반,2023-06-02,2023-06-03,지동길 199-10,,,,,,,,1380.0,24,N,8.0,5.0,3.0,3.0,3.0,4165034000.0
3774,2306040003,e_e001201,3,북촌 한옥마을,2023-06-04,2023-06-05,서울 종로구 북촌로 53,서울 종로구 가회동 30-2,126.9848125,37.5817682,,,POI01000TR027795V,"북촌로,북촌한옥마을",600.0,24,N,1.0,6.0,5.0,5.0,5.0,
3781,2306040004,e_e001207,4,토요코인 호텔 서울 강남점,2023-06-04,2023-06-05,서울 서초구 강남대로 323,서울 서초구 서초동 1337-27,127.0299655,37.491877,,,POI01000000DITG77,토요코인서울강남,300.0,24,N,8.0,1.0,4.0,4.0,4.0,
3792,2305290002,e_e001212,4,테이크 호텔,2023-05-29,2023-05-30,경기 광명시 신기로 22,경기 광명시 일직동 512-3,126.8832251,37.4191384,,,POI01000TR024948V,테이크호텔,540.0,24,N,2.0,1.0,5.0,5.0,5.0,
3795,2305300001,e_e001212,10,테이크 호텔,2023-05-30,2023-05-31,경기 광명시 신기로 22,경기 광명시 일직동 512-3,126.8832251,37.4191384,,,POI01000TR024948V,테이크호텔,300.0,24,N,7.0,1.0,5.0,5.0,5.0,
3826,2305280003,e_e001230,3,유명산 숲속 힐링캠프,2023-05-28,2023-05-29,경기 가평군 설악면 어비산길 201-62,경기 가평군 설악면 가일리 39-11,127.5131838,37.5908969,,,POI02001TR023435V,유명산숲속힐링캠프,480.0,24,N,8.0,5.0,3.0,2.0,2.0,
3836,2306030008,e_e001233,9,호텔 월미 여관,2023-06-03,2023-06-04,인천 중구 월미로 247-21,,,,,,,,180.0,24,N,2.0,1.0,4.0,5.0,5.0,2811013800.0
3870,2305260003,e_e001243,7,쉐라톤 그랜드 인천 호텔,2023-05-26,2023-05-27,인천 연수구 컨벤시아대로 153,인천 연수구 송도동 6-9,126.6452838,37.3903549,,,POI01000TR014442V,쉐라톤그랜드 인천호텔,180.0,24,N,5.0,1.0,5.0,5.0,5.0,
3877,2305270003,e_e001243,10,쉐라톤 그랜드 인천 호텔,2023-05-27,2023-05-28,인천 연수구 컨벤시아대로 153,인천 연수구 송도동 6-9,126.6452838,37.3903549,,,POI01000TR014442V,쉐라톤그랜드 인천호텔,360.0,24,Y,5.0,1.0,5.0,5.0,5.0,
3893,2305280006,e_e001246,6,월 호텔,2023-05-28,2023-05-28,서울 강동구 성안로 121,서울 강동구 성내동 199-7,127.1335067,37.5342156,,,POI01000000BS5G1L,월호텔,240.0,24,N,6.0,2.0,5.0,5.0,5.0,
3929,2305280005,e_e001251,5,더 플라자,2023-05-28,2023-05-28,서울 중구 소공로 119,서울 중구 태평로2가 23,126.9781107,37.5646923,,,POI01000TR042819V,더플라자,120.0,24,Y,2.0,1.0,5.0,5.0,5.0,
3932,2305280008,e_e001251,8,더 플라자,2023-05-28,2023-05-29,서울 중구 소공로 119,서울 중구 태평로2가 23,126.9781107,37.5646923,,,POI01000TR042819V,더플라자,180.0,24,Y,2.0,1.0,5.0,5.0,5.0,
3938,2305290006,e_e001251,13,더 플라자,2023-05-29,2023-05-29,서울 중구 소공로 119,서울 중구 태평로2가 23,126.9781107,37.5646923,,,POI01000TR042819V,더플라자,60.0,24,Y,2.0,1.0,5.0,5.0,5.0,
3991,2306050002,e_e001265,3,아비엥또,2023-06-05,2023-06-06,경기 가평군 청평면 호명리길 58-3,,,,,,,,510.0,24,N,8.0,3.0,5.0,5.0,5.0,4136025600.0
3992,2306050003,e_e001265,2,아비엥또,2023-06-05,2023-06-05,경기 가평군 청평면 호명리길 58-3,경기 가평군 청평면 호명리 176-1,127.4621592,37.7209886,,,POI01000000DBWODH,아비엥또,870.0,24,N,8.0,3.0,4.0,5.0,4.0,
4066,2305280003,e_e001281,9,하늘향기 캠프 카라반,2023-05-28,2023-05-29,경기 포천시 일동면 사기막길 214,경기 포천시 일동면 화대리 194,127.3515536,37.9600788,,,POI02000TR000019V,하늘향기캠프카라반,480.0,24,N,2.0,5.0,5.0,5.0,5.0,
4093,2306010002,e_e001301,7,넘버 25호텔 신촌점,2023-06-01,2023-06-02,서울 마포구 서강로20길 12,서울 마포구 노고산동 106-10,126.9362621,37.5538868,,,POI01000000CV0X66,넘버25,120.0,24,N,8.0,2.0,4.0,4.0,4.0,
4159,2306020002,e_e001329,3,그랜드 하얏트 서울,2023-06-02,2023-06-03,서울 용산구 소월로 322,서울 용산구 한남동 747-7,126.9970808,37.5394448,,,POI01000TR007380V,그랜드하얏트서울,240.0,24,Y,1.0,1.0,5.0,5.0,5.0,
4163,2306030003,e_e001329,6,그랜드 하얏트 서울,2023-06-03,2023-06-04,서울 용산구 소월로 322,서울 용산구 한남동 747-7,126.9970808,37.5394448,,,POI01000TR007380V,그랜드하얏트서울,480.0,24,Y,1.0,1.0,5.0,5.0,5.0,
4302,2305280007,e_e001409,5,클럽 레스피아 남양주 2호점,2023-05-28,2023-05-29,경기 남양주시 수동면 비룡로 1738-23,,,,,,,,450.0,24,N,8.0,5.0,3.0,2.0,3.0,4136034000.0
4313,2305280003,e_e001412,3,안다즈 서울 강남,2023-05-28,2023-05-28,서울 강남구 논현로 854,서울 강남구 신사동 603,127.0288703,37.5254181,,,POI01000TR013263V,안다즈 서울강남,150.0,24,N,2.0,1.0,5.0,4.0,4.0,
4315,2305280009,e_e001412,5,안다즈 서울 강남,2023-05-28,2023-05-29,서울 강남구 논현로 854,서울 강남구 신사동 603,127.0288703,37.5254181,,,POI01000TR013263V,안다즈 서울강남,210.0,24,N,2.0,1.0,5.0,4.0,5.0,
4400,2306030007,e_e001428,7,아이다 호텔,2023-06-03,2023-06-04,서울 송파구 올림픽로34길 3-6,서울 송파구 방이동 41-13,127.1109379,37.5163235,,,POI010000006KZC63,아이다호텔,90.0,24,N,8.0,2.0,3.0,2.0,2.0,
4442,2305280005,e_e001436,5,로뎀하우스,2023-05-28,2023-05-29,다문리 458-2 로뎀하우스,,,,,,,,450.0,24,N,11.0,10.0,5.0,5.0,5.0,4183040000.0
4501,2306010009,e_e001467,9,J 호텔,2023-06-01,2023-06-02,경기 수원시 팔달구 팔달로 8,경기 수원시 팔달구 매산로1가 111-4,126.9998331,37.2698378,,,POI010000006IOYV1,J호텔,210.0,24,N,8.0,2.0,3.0,3.0,4.0,
4516,2306020013,e_e001470,5,호텔 캠퍼스,2023-06-02,2023-06-03,서울 강남구 테헤란로2길 13,서울 강남구 역삼동 825-30,127.0292123,37.4972995,,,POI01000000BK3SH3,강남캠퍼스호텔입구,30.0,24,N,6.0,2.0,4.0,3.0,3.0,
4541,2305270006,e_e001482,6,노보텔앰배서더,2023-05-27,2023-05-27,서울 용산구 청파로20길 95,서울 용산구 한강로3가 40-969,126.9628456,37.5318435,,,POI01000TR030167V,노보텔 스위트 앰배서더 서울 용산,180.0,24,N,1.0,1.0,5.0,4.0,5.0,
4544,2305270009,e_e001482,9,노보텔앰배서더,2023-05-27,2023-05-28,서울 용산구 청파로20길 95,서울 용산구 한강로3가 40-969,126.9628456,37.5318435,,,POI01000TR030167V,노보텔 스위트 앰배서더 서울 용산,240.0,24,N,1.0,1.0,5.0,4.0,5.0,
4563,2305280002,e_e001499,4,안다즈 서울 강남,2023-05-28,2023-05-29,서울 강남구 논현로 854,서울 강남구 신사동 603,127.0288703,37.5254181,,,POI01000TR013263V,안다즈 서울강남,30.0,24,N,2.0,1.0,5.0,5.0,5.0,
4572,2306030003,e_e001503,3,용문산 허브 찜질방,2023-06-03,2023-06-04,,경기 양평군 용문면 연수리 255,127.5520866,37.5287155,,,POI01000000B4VEBV,용문산허브찜질방,300.0,24,N,8.0,11.0,5.0,5.0,5.0,
4584,2306030002,e_e001519,2,레피다 호텔,2023-06-03,2023-06-03,인천 중구 연안부두로21번길 11-9,인천 중구 항동7가 27-204,126.6045868,37.4559231,,,POI02001TR008995V,레피다호텔,30.0,24,N,8.0,2.0,5.0,5.0,5.0,
4586,2306030004,e_e001519,4,레피다 호텔,2023-06-03,2023-06-04,인천 중구 연안부두로21번길 11-9,인천 중구 항동7가 27-204,126.6045868,37.4559231,,,POI02001TR008995V,레피다호텔,180.0,24,N,8.0,2.0,5.0,5.0,5.0,
4625,2306050007,e_e001526,7,토요코인 호텔 서울 강남점,2023-06-05,2023-06-06,서울 서초구 강남대로 323,서울 서초구 서초동 1337-27,127.0299655,37.491877,,,POI01000000DITG77,토요코인서울강남,210.0,24,N,8.0,1.0,3.0,3.0,4.0,
4659,2306030003,e_e001538,3,청담채,2023-06-03,2023-06-03,용문로 335번길 5,,,,,,,,30.0,24,N,2.0,3.0,5.0,5.0,5.0,4183040000.0
4662,2306030006,e_e001538,6,청담채,2023-06-03,2023-06-04,용문로334번길 5,,,,,,,,480.0,24,Y,11.0,3.0,5.0,5.0,5.0,4183040000.0
4668,2306030003,e_e001542,3,쉐라톤 그랜드 인천 호텔,2023-06-03,2023-06-03,인천 연수구 컨벤시아대로 153,인천 연수구 송도동 6-9,126.6452838,37.3903549,,,POI01000TR014442V,쉐라톤그랜드 인천호텔,90.0,24,Y,4.0,1.0,5.0,5.0,5.0,
4671,2306030006,e_e001542,6,쉐라톤 그랜드 인천 호텔,2023-06-03,2023-06-04,인천 연수구 컨벤시아대로 153,인천 연수구 송도동 6-9,126.6452838,37.3903549,,,POI01000TR014442V,쉐라톤그랜드 인천호텔,300.0,24,Y,4.0,1.0,5.0,5.0,5.0,
4696,2305310010,e_e001548,11,더 큐브 호텔,2023-05-31,2023-06-01,서울 중구 퇴계로20길 31,서울 중구 남산동2가 18-9,126.9862058,37.5588191,,,POI01000000D8XXP0,더큐브호텔,150.0,24,N,8.0,7.0,3.0,3.0,3.0,
4698,2306010001,e_e001548,18,스포렉스 사우나,2023-06-01,2023-06-02,서울 중구 장충단로 247,서울 중구 을지로6가 18-21,127.0073008,37.5665015,,,POI02001TR018373V,스파렉스사우나,270.0,24,Y,4.0,11.0,1.0,1.0,2.0,
4730,2306040010,e_e001554,14,수기 해변,2023-06-04,2023-06-05,,인천 옹진군 북도면 시도리,126.4318545,37.5446481,,,POI01000TR032740V,수기해변,240.0,24,N,2.0,5.0,4.0,4.0,4.0,
4737,2306050007,e_e001554,21,무의도 세렝게티,2023-06-05,2023-06-06,,인천 중구 무의동 산 349-2,126.4164967,37.3657678,,,POI02001TR010980V,무의도세렝게티,480.0,24,N,2.0,5.0,5.0,5.0,5.0,
4796,2306040003,e_e001571,7,오블라디풀빌라,2023-06-04,2023-06-05,경기 파주시 문산읍 문현말길 113-2,경기 파주시 문산읍 내포리 391-1,126.7708021,37.8469413,,,POI01000TR026118V,오블라디풀빌라,510.0,24,Y,7.0,3.0,5.0,5.0,5.0,
4873,2306040002,e_e001911,2,국립 아세안자연휴양림,2023-06-04,2023-06-04,경기 양주시 백석읍 기산로 472,경기 양주시 백석읍 기산리 산 103-1,126.9421849,37.7737671,,,POI01000TR018301V,국립아세안자연휴양림,240.0,24,N,1.0,9.0,5.0,5.0,5.0,
4876,2306040005,e_e001911,5,국립 아세안자연휴양림,2023-06-04,2023-06-05,경기 양주시 백석읍 기산로 472,경기 양주시 백석읍 기산리 산 103-1,126.9421849,37.7737671,,,POI01000TR018301V,국립아세안자연휴양림,30.0,24,N,1.0,9.0,5.0,5.0,5.0,
4891,2306090002,e_e001914,8,호텔 페이트 강남,2023-06-09,2023-06-10,서울 서초구 강남대로 259,서울 서초구 서초동 1361-10,127.0326951,37.4864504,,,POI01000000D9F2VU,(주)호텔페이토,180.0,24,N,6.0,1.0,5.0,5.0,5.0,
4902,2306100005,e_e001914,13,호텔 페이트 강남,2023-06-10,2023-06-11,서울 서초구 강남대로 259,서울 서초구 서초동 1361-10,127.0326951,37.4864504,,,POI01000000D9F2VU,(주)호텔페이토,300.0,24,Y,4.0,1.0,5.0,5.0,5.0,
4908,2306030006,e_e001916,6,서울 올림픽파크텔,2023-06-03,2023-06-03,서울 송파구 올림픽로 448,서울 송파구 방이동 88,127.1165487,37.5223331,,,POI010000009CDW4U,서울올림픽파크텔,30.0,24,N,5.0,1.0,4.0,4.0,4.0,
4910,2306030009,e_e001916,8,서울 올림픽파크텔,2023-06-03,2023-06-04,서울 송파구 올림픽로 448,서울 송파구 방이동 88,127.1165487,37.5223331,,,POI010000009CDW4U,서울올림픽파크텔,60.0,24,N,5.0,1.0,5.0,5.0,5.0,
4911,2306040001,e_e001916,9,서울 올림픽파크텔,2023-06-04,2023-06-04,서울 송파구 올림픽로 448,서울 송파구 방이동 88,127.1165487,37.5223331,,,POI010000009CDW4U,서울올림픽파크텔,90.0,24,N,5.0,1.0,4.0,5.0,5.0,
4932,2306080007,e_e001926,7,밀리오레 호텔 명동,2023-06-08,2023-06-08,서울 중구 퇴계로 115,서울 중구 충무로1가 24-1,126.9842111,37.5610497,,,POI01000TR033588V,밀리오레호텔 명동,900.0,24,N,8.0,1.0,3.0,3.0,2.0,
4934,2306080009,e_e001926,9,밀리오레 호텔 명동,2023-06-08,2023-06-09,서울 중구 퇴계로 115,서울 중구 충무로1가 24-1,126.9842111,37.5610497,,,POI01000TR033588V,밀리오레호텔 명동,120.0,24,N,8.0,1.0,3.0,3.0,3.0,
4943,2306100002,e_e001935,4,호텔야자,2023-06-10,2023-06-11,경기 오산시 역광장로 73,경기 오산시 오산동 603-10,127.0676814,37.1472386,,,POI02001TR033717V,호텔야자 오산역점,60.0,24,N,2.0,2.0,3.0,2.0,2.0,
4944,2306100003,e_e001935,2,호텔야자,2023-06-10,2023-06-10,경기 오산시 역광장로 73,경기 오산시 오산동 603-10,127.0676814,37.1472386,,,POI02001TR033717V,호텔야자 오산역점,30.0,24,N,2.0,2.0,3.0,2.0,2.0,
4973,2306040009,e_e001940,7,M 호텔,2023-06-04,2023-06-05,경기 의정부시 시민로122번길 59-10,경기 의정부시 의정부동 136-35,127.0491294,37.7356151,,,POI010000006LSRIO,M호텔,1440.0,24,N,8.0,2.0,4.0,3.0,3.0,
4996,2306030004,e_e001950,4,심포니 호텔,2023-06-03,2023-06-03,경기 수원시 영통구 반달로128번길 13,경기 수원시 영통구 영통동 996-5,127.0754424,37.2546042,,,POI0100000092GTDT,심포니관광호텔,60.0,24,N,8.0,1.0,4.0,4.0,4.0,
4998,2306030006,e_e001950,6,심포니 호텔,2023-06-03,2023-06-04,경기 수원시 영통구 반달로128번길 13,경기 수원시 영통구 영통동 996-5,127.0754424,37.2546042,,,POI0100000092GTDT,심포니관광호텔,30.0,24,N,8.0,1.0,4.0,4.0,4.0,
5013,2306060006,e_e001968,6,탑 모텔,2023-06-06,2023-06-06,인천 강화군 송해면 강화대로 792,인천 강화군 송해면 솔정리 576-1,126.4555786,37.765216,,,POI02001TR029816V,탑모텔,60.0,24,N,8.0,2.0,5.0,5.0,5.0,
5017,2306060010,e_e001968,10,탑 모텔,2023-06-06,2023-06-07,인천 강화군 송해면 강화대로 792,인천 강화군 송해면 솔정리 576-1,126.4555786,37.765216,,,POI02001TR029816V,탑모텔,180.0,24,N,8.0,2.0,5.0,5.0,5.0,
5044,2306060002,e_e001987,5,싱싱 하우스 협동조합,2023-06-06,2023-06-07,경기 화성시 우정읍 거물동길 14-4,경기 화성시 우정읍 원안리 492,126.7756535,37.10452,,,POI01000000E6W7K3,싱싱하우스협동조합,480.0,24,N,2.0,3.0,5.0,5.0,5.0,
5052,2306050003,e_e001989,3,헤르츠 모텔,2023-06-05,2023-06-06,서울 관악구 남부순환로 1593-11,서울 관악구 신림동 1433-97,126.9272893,37.4845486,,,POI02001TR033143V,헤르츠모텔,30.0,24,N,2.0,2.0,5.0,5.0,5.0,
5077,2306050004,e_e001996,4,립 모텔,2023-06-05,2023-06-06,경기 파주시 금정20길 15-12,경기 파주시 금촌동 65-17,126.7745117,37.7621656,,,POI02001TR009636V,립모텔,120.0,24,N,8.0,2.0,3.0,3.0,3.0,
5206,2306050005,e_e002045,5,브라운 도트 호텔 월곶점,2023-06-05,2023-06-06,경기 시흥시 월곶중앙로70번안길 30,경기 시흥시 월곶동 1007-5,126.7404001,37.389646,,,POI02001TR013550V,브라운도트호텔 월곶점,120.0,24,N,1.0,2.0,3.0,3.0,4.0,
5216,2306040007,e_e002049,7,인트로 호텔,2023-06-04,2023-06-05,서울 강남구 테헤란로37길 13-11,서울 강남구 역삼동 677-14,127.0399266,37.502742,,,POI01000000D23L0Z,역삼맨하탄호텔,240.0,24,N,8.0,2.0,5.0,3.0,5.0,
5246,2306020002,e_e002058,2,곤지암리조트 L 빌리지,2023-06-02,2023-06-03,경기 광주시 도척면 도척윗로 278,경기 광주시 도척면 도웅리 533,127.2964629,37.3374982,,,POI01000000AM90XY,CGV DRIVE IN 곤지암,420.0,24,N,1.0,4.0,5.0,5.0,5.0,
5256,2306030006,e_e002059,5,성산 청소년 수련원,2023-06-03,2023-06-04,인천 강화군 선원면 충렬사로178번길 116,인천 강화군 선원면 선행리 77,126.4607244,37.7325214,,,POI02001TR015839V,성산청소년수련원,600.0,24,N,5.0,11.0,4.0,3.0,4.0,
5263,2306020004,e_e002064,3,호텔 데저트,2023-06-02,2023-06-02,서울 영등포구 영중로4길 9-6,서울 영등포구 영등포동3가 21-9,126.9075567,37.5178377,,,POI01000000B1IY7V,데쟈트호텔,240.0,24,Y,4.0,1.0,4.0,4.0,5.0,
5331,2306030002,e_e002082,11,포 포인츠 바이 쉐라톤 수원 호텔,2023-06-03,2023-06-04,경기 수원시 팔달구 효원로307번길 27,경기 수원시 팔달구 인계동 1122-8,127.0355898,37.2622132,,,POI01000000ALX3LC,FPBS수원호텔,150.0,24,N,2.0,1.0,5.0,5.0,5.0,
5335,2306030006,e_e002082,5,포 포인츠 바이 쉐라톤 수원 호텔,2023-06-03,2023-06-03,경기 수원시 팔달구 효원로307번길 27,경기 수원시 팔달구 인계동 1122-8,127.0355898,37.2622132,,,POI01000000ALX3LC,FPBS수원호텔,120.0,24,N,2.0,1.0,5.0,5.0,5.0,
5344,2306040004,e_e002082,14,포 포인츠 바이 쉐라톤 수원 호텔,2023-06-04,2023-06-04,경기 수원시 팔달구 효원로307번길 27,경기 수원시 팔달구 인계동 1122-8,127.0355898,37.2622132,,,POI01000000ALX3LC,FPBS수원호텔,120.0,24,N,2.0,1.0,5.0,5.0,5.0,
5376,2306030002,e_e002097,7,고색 루치아노 오피스텔,2023-06-03,2023-06-04,,,,,,,,,30.0,24,N,8.0,11.0,5.0,5.0,4.0,4111312800.0
5388,2306090004,e_e002099,3,호텔 캠퍼스,2023-06-09,2023-06-09,서울 강남구 테헤란로2길 13,서울 강남구 역삼동 825-30,127.0292123,37.4972995,,,POI01000000BK3SH3,강남캠퍼스호텔입구,240.0,24,N,6.0,1.0,4.0,4.0,4.0,
5424,2306030009,e_e002126,9,에스라인 모텔,2023-06-03,2023-06-03,서울 강동구 양재대로109길 7,,,,,,,,750.0,24,N,8.0,2.0,4.0,3.0,3.0,1174010500.0
5425,2306030010,e_e002126,10,에스라인 모텔,2023-06-03,2023-06-04,서울 강동구 양재대로109길 7,서울 강동구 길동 413-44,127.1387234,37.5359467,,,POI010000006KTCA1,에스라인모텔,60.0,24,N,8.0,2.0,3.0,3.0,3.0,
5510,2306030006,e_e002148,6,썬스타호텔,2023-06-03,2023-06-04,경기 수원시 팔달구 정조로905번길 7-12,경기 수원시 팔달구 장안동 22-8,127.0138934,37.2876163,,,POI01000TR019156V,썬스타,180.0,24,N,6.0,1.0,5.0,5.0,5.0,
5579,2306040009,e_e002161,8,투데이 호텔,2023-06-04,2023-06-05,경기 화성시 동탄중심상가1길 30,경기 화성시 반송동 103-8,127.0722806,37.2014867,,,POI01000000ER1ZYZ,동탄투데이호텔,240.0,24,N,2.0,1.0,4.0,3.0,3.0,
5581,2306050002,e_e002161,10,투데이 호텔,2023-06-05,2023-06-06,경기 화성시 동탄중심상가1길 30,경기 화성시 반송동 103-8,127.0722806,37.2014867,,,POI01000000ER1ZYZ,동탄투데이호텔,690.0,24,N,2.0,1.0,4.0,3.0,3.0,
5658,2306030006,e_e002183,6,넘버 25 사당역점,2023-06-03,2023-06-03,서울 관악구 승방2길 13,서울 관악구 남현동 602-16,126.9809803,37.4744123,,,POI01000000CZ12BL,넘버25,240.0,24,N,6.0,2.0,3.0,3.0,3.0,
5667,2306050007,e_e002184,6,캠프무인텔,2023-06-05,2023-06-06,장평리 221-10,,,,,,,,240.0,24,N,2.0,2.0,5.0,5.0,5.0,4150035000.0
5673,2306030002,e_e002186,2,파티와 호텔,2023-06-03,2023-06-03,인천 미추홀구 주안중로 38,인천 미추홀구 주안동 93-3,126.6829506,37.4616519,,,POI010000006EANXA,파티오호텔,60.0,24,N,11.0,2.0,3.0,3.0,3.0,
5676,2306030005,e_e002186,5,파티와 호텔,2023-06-03,2023-06-04,인천 미추홀구 주안중로 38,인천 미추홀구 주안동 93-3,126.6829506,37.4616519,,,POI010000006EANXA,파티오호텔,60.0,24,N,11.0,2.0,3.0,3.0,3.0,
5712,2306020003,e_e002202,3,라 까사호텔 광명,2023-06-02,2023-06-02,경기 광명시 일직로12번길 22,경기 광명시 일직동 508-3,126.8819768,37.4212348,,,POI01000000B6CU9S,라까사호텔 광명,30.0,24,N,7.0,1.0,4.0,3.0,3.0,
5714,2306020007,e_e002202,5,라 까사호텔 광명,2023-06-02,2023-06-03,경기 광명시 일직로12번길 22,경기 광명시 일직동 508-3,126.8819768,37.4212348,,,POI01000000B6CU9S,라까사호텔 광명,270.0,24,Y,4.0,1.0,5.0,5.0,5.0,
5724,2306030006,e_e002204,6,호운 스테이,2023-06-03,2023-06-04,경강로 4809-7,,,,,,,,390.0,24,N,1.0,3.0,5.0,5.0,5.0,4183037000.0
5748,2306080004,e_e002212,4,레즈고 스터디카페 양평점,2023-06-08,2023-06-09,경기 양평군 양평읍 관문길 26,경기 양평군 양평읍 양근리 161-7,127.4933117,37.4921753,,,POI02000TR001508V,레즈고스터디카페 양평점,60.0,24,N,8.0,12.0,4.0,3.0,5.0,
5764,2306030002,e_e002214,8,스파 아일랜드,2023-06-03,2023-06-04,경기 고양시 일산서구 중앙로 1371,경기 고양시 일산서구 주엽동 81,126.7654714,37.6671243,,,POI01000000F0OC8J,스파아일랜드,1260.0,24,N,1.0,11.0,5.0,5.0,5.0,
5776,2306030003,e_e002215,3,에버랜드 T 익스프레스와 아마존,2023-06-03,2023-06-03,경기 용인시 처인구 포곡읍 에버랜드로 199,,,,,,,,30.0,6,N,1.0,1.0,5.0,5.0,5.0,4146125000.0
5777,2306030004,e_e002215,5,Q 호텔,2023-06-03,2023-06-04,경기 용인시 처인구 포곡읍 전대로110번길 10-3,경기 용인시 처인구 포곡읍 전대리 355-15,127.2159624,37.2869777,,,POI01000000ALV0XJ,Q호텔,780.0,24,N,2.0,1.0,3.0,3.0,3.0,
5785,2306030004,e_e002220,4,노보텔 앰배서더 서울 용산,2023-06-03,2023-06-03,서울 용산구 청파로20길 95,서울 용산구 한강로3가 40-969,126.9632077,37.5317896,,,POI01000TR030313V,노보텔앰배서더 서울용산,240.0,24,N,2.0,1.0,5.0,5.0,5.0,
5787,2306030012,e_e002220,6,노보텔 앰배서더 서울 용산,2023-06-03,2023-06-04,서울 용산구 청파로20길 95,서울 용산구 한강로3가 40-969,126.9632077,37.5317896,,,POI01000TR030313V,노보텔앰배서더 서울용산,120.0,24,Y,2.0,1.0,4.0,4.0,4.0,3020012100.0
5800,2306040007,e_e002222,5,어반 이스트 호텔,2023-06-04,2023-06-04,경기 고양시 덕양구 고양대로 1725,경기 고양시 덕양구 원흥동 634,126.8739497,37.6481272,,,POI01000TR000036V,어반이스트호텔,30.0,24,N,8.0,1.0,3.0,3.0,2.0,
5802,2306040009,e_e002222,7,어반 이스트 호텔,2023-06-04,2023-06-05,경기 고양시 덕양구 고양대로 1725,경기 고양시 덕양구 원흥동 634,126.8739497,37.6481272,,,POI01000TR000036V,어반이스트호텔,300.0,24,N,8.0,1.0,3.0,3.0,2.0,
5822,2306050003,e_e002234,3,나인 트리 프리미어 호텔 서울 판교,2023-06-05,2023-06-05,경기 성남시 수정구 창업로 18,경기 성남시 수정구 시흥동 288-11,127.0983333,37.4134031,,,POI01000000B6HVWL,고향카츠 판교테크노밸리점,1200.0,24,N,1.0,1.0,4.0,4.0,4.0,
5826,2306050007,e_e002234,7,나인 트리 프리미어 호텔 서울 판교,2023-06-05,2023-06-06,경기 성남시 수정구 창업로 18,경기 성남시 수정구 시흥동 288-11,127.0983333,37.4134031,,,POI01000000B6HVWL,고향카츠 판교테크노밸리점,240.0,24,N,3.0,1.0,4.0,4.0,4.0,
5853,2306040012,e_e002236,12,왈츠 모텔,2023-06-04,2023-06-05,서울 강남구 강남대로112길 20,서울 강남구 논현동 201-5,127.0260668,37.5055138,,,POI02001TR022257V,왈츠모텔,60.0,24,N,8.0,2.0,4.0,4.0,4.0,
5874,2306030005,e_e002248,5,소피텔앰배서더,2023-06-03,2023-06-03,서울 송파구 잠실로 209,서울 송파구 신천동 29-1,127.1061654,37.5137861,,,POI01000TR009804V,소피텔 앰배서더 서울,30.0,24,N,2.0,1.0,5.0,4.0,4.0,
5879,2306030010,e_e002248,10,소피텔앰배서더,2023-06-03,2023-06-04,서울 송파구 잠실로 209,서울 송파구 신천동 29-1,127.1061654,37.5137861,,,POI01000TR009804V,소피텔 앰배서더 서울,180.0,24,N,2.0,1.0,5.0,4.0,4.0,
5880,2306040001,e_e002248,11,소피텔앰배서더,2023-06-04,2023-06-04,서울 송파구 잠실로 209,서울 송파구 신천동 29-1,127.1061654,37.5137861,,,POI01000TR009804V,소피텔 앰배서더 서울,30.0,24,Y,11.0,1.0,5.0,4.0,4.0,
5906,2306050008,e_e002254,8,호텔 베르누이 서울,2023-06-05,2023-06-06,서울 구로구 경인로 229,서울 구로구 오류동 31-277,126.8459716,37.4974351,,,POI010000006I0QIS,CU 베르누이호텔점,390.0,24,Y,8.0,1.0,4.0,3.0,3.0,
5937,2306060014,e_e002260,14,라리아 호텔,2023-06-06,2023-06-07,경기 수원시 팔달구 매산로 17-7,경기 수원시 팔달구 매산로1가 43-8,127.0031568,37.267823,,,POI010000006N5AY2,라리아호텔,180.0,24,N,8.0,2.0,4.0,3.0,3.0,
6010,2306190002,e_e002304,3,까르르 키즈 풀빌라,2023-06-19,2023-06-20,경기 가평군 북면 카이저길 58-12,경기 가평군 북면 이곡리 449-8,127.5271805,37.8809111,,,POI02000TR001509V,까르르키즈풀빌라,570.0,24,N,7.0,3.0,4.0,4.0,4.0,
6020,2306030007,e_e002306,6,은행채,2023-06-03,2023-06-04,경기 양평군 서종면 소유곡길 22-1,경기 양평군 서종면 명달리 52-4,127.4497477,37.6183284,,,POI02001TR023703V,은향채,1170.0,24,N,2.0,6.0,4.0,4.0,4.0,
6025,2306050002,e_e002308,7,마루 호 텔 본관,2023-06-05,2023-06-06,경기 수원시 팔달구 고화로9번길 33,경기도 수원시 팔달구 매산로2가 7-3대,127.0062679,37.2696212,,,POI01000000DCDPH4,마루,150.0,24,N,2.0,1.0,4.0,3.0,4.0,4145010600.0
6067,2306050006,e_e002318,6,소피텔앰배서더,2023-06-05,2023-06-05,서울 송파구 잠실로 209,서울 송파구 신천동 29-1,127.1061654,37.5137861,,,POI01000TR009804V,소피텔 앰배서더 서울,480.0,24,N,1.0,1.0,5.0,5.0,5.0,
6069,2306050011,e_e002318,8,소피텔앰배서더,2023-06-05,2023-06-06,서울 송파구 잠실로 209,서울 송파구 신천동 29-1,127.1061654,37.5137861,,,POI01000TR009804V,소피텔 앰배서더 서울,1380.0,24,N,1.0,1.0,5.0,5.0,5.0,
6077,2306030004,e_e002323,4,호텔 달,2023-06-03,2023-06-03,경기 수원시 팔달구 화서문로75번길 20,경기 수원시 팔달구 북수동 59-9,127.0169831,37.2868266,,,POI010000006N00QF,호텔달,60.0,24,N,7.0,2.0,3.0,4.0,3.0,
6081,2306030008,e_e002323,8,호텔 달,2023-06-03,2023-06-04,경기 수원시 팔달구 화서문로75번길 20,경기 수원시 팔달구 북수동 59-9,127.0169831,37.2868266,,,POI010000006N00QF,호텔달,60.0,24,N,7.0,2.0,4.0,3.0,4.0,
6124,2306070005,e_e002351,5,네스트 호텔,2023-06-07,2023-06-07,,인천 중구 운서동 2877-1,126.4278541,37.4247584,,,POI01000TR004746V,네스트호텔,60.0,24,N,2.0,1.0,4.0,4.0,4.0,
6128,2306070009,e_e002351,9,네스트 호텔,2023-06-07,2023-06-08,,인천 중구 운서동 2877-1,126.4278541,37.4247584,,,POI01000TR004746V,네스트호텔,240.0,24,N,2.0,1.0,4.0,3.0,4.0,
6140,2306050006,e_e002364,7,해밀 호텔,2023-06-05,2023-06-05,경기 수원시 팔달구 정조로818번길 19,경기 수원시 팔달구 남수동 130-18,127.017822,37.2813148,,,POI01000000DOJMAC,해밀호텔,60.0,24,N,8.0,1.0,3.0,3.0,2.0,
6145,2306050011,e_e002364,11,해밀 호텔,2023-06-05,2023-06-06,경기 수원시 팔달구 정조로818번길 19,경기 수원시 팔달구 남수동 130-18,127.017822,37.2813148,,,POI01000000DOJMAC,해밀호텔,60.0,24,N,6.0,1.0,4.0,4.0,3.0,
6177,2306190016,e_e002376,16,k world 호텔,2023-06-19,2023-06-20,서울 종로구 수표로18길 28,서울 종로구 관수동 104-2,126.9912659,37.5692171,,,POI02000TR000802V,k world호텔,180.0,24,N,8.0,2.0,5.0,5.0,5.0,
6203,2306100004,e_e002392,3,호텔 팝 리즈 프리미어,2023-06-10,2023-06-10,서울 종로구 수표로22길 16,서울 종로구 낙원동 186,126.9901654,37.5711018,,,POI010000006GKB7K,호텔팝리즈프리미어,300.0,24,N,6.0,2.0,4.0,4.0,4.0,
6298,2306030007,e_e002415,7,다온 호텔,2023-06-03,2023-06-04,인천 연수구 대암로 11-1,인천 연수구 옥련동 552-2,126.6512,37.4173733,,,POI02000TR000163V,다온호텔,60.0,24,N,2.0,2.0,4.0,4.0,4.0,
6379,2306070006,e_e002462,6,얼레의 호텔,2023-06-07,2023-06-08,경기 용인시 기흥구 신정로 231,경기 용인시 기흥구 신갈동 536-23,127.0977194,37.2884886,,,POI010000006N2KQ1,얼레이호텔,240.0,24,N,8.0,1.0,4.0,4.0,4.0,
6391,2306030002,e_e002467,6,UH FLAT 더 송도,2023-06-03,2023-06-04,인천 연수구 아트센터대로168번길 100,인천 연수구 송도동 29-1,126.6292175,37.4058302,,,POI02000TR000903V,UH FLAT 더 송도,120.0,24,N,8.0,1.0,5.0,5.0,5.0,
6394,2306030005,e_e002467,4,UH FLAT 더 송도,2023-06-03,2023-06-03,인천 연수구 아트센터대로168번길 100,인천 연수구 송도동 29-1,126.6292175,37.4058302,,,POI02000TR000904V,UH FLAT 더 송도,150.0,24,N,8.0,1.0,5.0,5.0,5.0,
6413,2306140002,e_e002471,6,라라 키즈 풀빌라,2023-06-14,2023-06-15,경기 가평군 상면 임초밤안골로 162-13,경기 가평군 상면 임초리 170-4,127.3702673,37.7562408,,,POI02000TR000174V,라라키즈풀빌라,360.0,24,N,2.0,3.0,5.0,5.0,5.0,
6443,2306160002,e_e002479,2,호텔 더 디자이너스 서울역점,2023-06-16,2023-06-16,서울 용산구 한강대로 305,서울 용산구 갈월동 69-27,126.9715803,37.545543,,,POI01000TR018886V,호텔더디자이너스 서울역점,180.0,24,N,8.0,1.0,3.0,3.0,3.0,
6449,2306160008,e_e002479,8,호텔 더 디자이너스 서울역점,2023-06-16,2023-06-16,서울 용산구 한강대로 305,서울 용산구 갈월동 69-27,126.9715803,37.545543,,,POI01000TR018886V,호텔더디자이너스 서울역점,0.0,24,N,7.0,1.0,4.0,3.0,3.0,
6451,2306160010,e_e002479,10,호텔 더 디자이너스 서울역점,2023-06-16,2023-06-17,서울 용산구 한강대로 305,서울 용산구 갈월동 69-27,126.9715803,37.545543,,,POI01000TR018886V,호텔더디자이너스 서울역점,150.0,24,N,8.0,1.0,4.0,3.0,3.0,
6457,2306150003,e_e002481,3,퀸 타운호텔,2023-06-15,2023-06-15,경기 고양시 일산동구 정발산로 39,경기 고양시 일산동구 장항동 856-1,126.7730679,37.6573681,,,POI01000000DRJV0E,퀸타운호텔,30.0,24,N,6.0,2.0,4.0,4.0,4.0,
6460,2306150006,e_e002481,6,퀸 타운호텔,2023-06-15,2023-06-16,경기 고양시 일산동구 정발산로 39,경기 고양시 일산동구 장항동 856-1,126.7730679,37.6573681,,,POI01000000DRJV0E,퀸타운호텔,60.0,24,N,6.0,2.0,4.0,3.0,3.0,
6473,2306150010,e_e002483,10,벨라 스위트호텔,2023-06-15,2023-06-15,경기 수원시 팔달구 권광로180번길 18-15,경기 수원시 팔달구 인계동 1123-21,127.0336668,37.2626355,,,POI010000006N63DB,벨라스위트호텔,60.0,24,N,7.0,1.0,3.0,3.0,3.0,
6474,2306150011,e_e002483,12,벨라 스위트호텔,2023-06-15,2023-06-16,경기 수원시 팔달구 권광로180번길 18-15,경기 수원시 팔달구 인계동 1123-21,127.0336668,37.2626355,,,POI010000006N63DB,벨라스위트호텔,60.0,24,N,7.0,1.0,3.0,3.0,3.0,
6482,2306230003,e_e002491,3,더존 카라반 글램핑,2023-06-23,2023-06-23,경기 포천시 이동면 화동로2076번길 125,경기 포천시 이동면 장암리 148-2,127.380397,38.0327478,,,POI01000TR012002V,더존카라반&글램핑,60.0,24,N,2.0,5.0,5.0,5.0,5.0,
6484,2306230008,e_e002491,5,더존 카라반 글램핑,2023-06-23,2023-06-24,경기 포천시 이동면 화동로2076번길 125,,,,,,,,390.0,24,N,2.0,5.0,5.0,5.0,5.0,4119010800.0
6489,2307080002,e_e002495,5,클럽 블루,2023-07-08,2023-07-09,경기 가평군 청평면 고재길 260,경기 가평군 청평면 고성리 103-1,127.513824,37.7036276,,,POI01000000C83SBM,클럽블루리조트,330.0,24,N,8.0,3.0,3.0,4.0,4.0,
6498,2306100006,e_e002506,4,해여림 빌리지,2023-06-10,2023-06-11,경기 여주시 산북면 해여림로 78,경기 여주시 산북면 상품리 448,127.4383435,37.3917513,,,POI02001TR032732V,해여림빌리지,630.0,24,Y,4.0,5.0,4.0,3.0,3.0,
6508,2306110009,e_e002507,7,쉬자 파크 초가원,2023-06-11,2023-06-12,경기 양평군 양평읍 쉬자파크길 263,경기 양평군 양평읍 백안리 산 68-6,127.5327099,37.5147778,,,POI01000000B4VS20,양평쉬자파크초가원,480.0,24,N,1.0,9.0,5.0,5.0,5.0,
6571,2306100005,e_e002541,5,코트야드바이메리어트,2023-06-10,2023-06-10,경기 수원시 영통구 광교호수공원로 320,경기 수원시 영통구 하동 871-1,127.0574929,37.2846117,,,POI01000TR042173V,코트야드 바이 메리어트 수원,120.0,24,N,7.0,1.0,4.0,4.0,4.0,
6574,2306100008,e_e002541,8,코트야드바이메리어트,2023-06-10,2023-06-11,경기 수원시 영통구 광교호수공원로 320,경기 수원시 영통구 하동 871-1,127.0574929,37.2846117,,,POI01000TR042173V,코트야드 바이 메리어트 수원,210.0,24,N,7.0,1.0,4.0,4.0,4.0,
6585,2306170010,e_e002548,11,CF 모텔,2023-06-17,2023-06-18,서울 강남구 언주로85길 10,서울 강남구 역삼동 720-33,127.0422962,37.5012563,,,POI02000TR000192V,CF모텔,30.0,24,N,6.0,2.0,1.0,1.0,1.0,
6595,2306130002,e_e002550,2,노보텔 앰배서더 서울 용산,2023-06-13,2023-06-13,서울 용산구 청파로20길 95,서울 용산구 한강로3가 40-969,126.9632077,37.5317896,,,POI01000TR030313V,노보텔앰배서더 서울용산,120.0,24,N,1.0,1.0,5.0,5.0,5.0,
6598,2306130006,e_e002550,5,노보텔 앰배서더 서울 용산,2023-06-13,2023-06-14,서울 용산구 청파로20길 95,서울 용산구 한강로3가 40-969,126.9632077,37.5317896,,,POI01000TR030313V,노보텔앰배서더 서울용산,210.0,24,N,1.0,1.0,5.0,5.0,5.0,
6637,2306240006,e_e002557,7,la casa  (라-까사),2023-06-24,2023-06-25,,,,,,,,,90.0,24,N,6.0,1.0,3.0,3.0,3.0,1168010700.0
6708,2306250004,e_e002576,4,나인 트리 프리미어 호텔 서울 판교,2023-06-25,2023-06-25,경기 성남시 수정구 창업로 18,경기 성남시 수정구 시흥동 288-11,127.0983333,37.4134031,,,POI01000000B6HVWL,고향카츠 판교테크노밸리점,120.0,24,N,1.0,1.0,1.0,5.0,5.0,
6710,2306250006,e_e002576,6,나인 트리 프리미어 호텔 서울 판교,2023-06-25,2023-06-25,경기 성남시 수정구 창업로 18,경기 성남시 수정구 시흥동 288-11,127.0983333,37.4134031,,,POI01000000B6HVWL,고향카츠 판교테크노밸리점,180.0,24,N,11.0,1.0,5.0,5.0,5.0,
6712,2306250008,e_e002576,8,나인 트리 프리미어 호텔 서울 판교,2023-06-25,2023-06-26,경기 성남시 수정구 창업로 18,경기 성남시 수정구 시흥동 288-11,127.0983333,37.4134031,,,POI01000000B6HVWL,고향카츠 판교테크노밸리점,120.0,24,N,2.0,1.0,5.0,5.0,5.0,
6739,2306180002,e_e002582,10,신라스테이,2023-06-18,2023-06-19,서울 종로구 삼봉로 71,,,,,,,,150.0,24,N,8.0,1.0,4.0,3.0,4.0,4159025924.0
6766,2306100002,e_e002584,6,블룸 비스타,2023-06-10,2023-06-11,경기 양평군 강하면 강남로 316,경기 양평군 강하면 전수리 1235,127.4219249,37.5003708,,,POI01000000BCENWG,현대블룸비스타,240.0,24,Y,4.0,1.0,5.0,5.0,5.0,
6769,2306100005,e_e002584,4,블룸 비스타,2023-06-10,2023-06-10,경기 양평군 강하면 강남로 316,경기 양평군 강하면 전수리 1235,127.4219249,37.5003708,,,POI01000000BCENWG,현대블룸비스타,30.0,24,Y,4.0,1.0,5.0,5.0,5.0,
6796,2306190005,e_e002597,4,한화리조트 용인 베잔송,2023-06-19,2023-06-20,경기 용인시 처인구 남사읍 봉무로153번길 79,경기 용인시 처인구 남사읍 봉무리 257-1,127.1441266,37.1316613,,,POI01000000AMGCVF,째깍섬 한화용인센터,510.0,24,N,6.0,4.0,4.0,3.0,4.0,
6847,2306170006,e_e002622,5,연인산리조트,2023-06-17,2023-06-18,경기 가평군 북면 가화로 1575-16,경기 가평군 북면 도대리 70-111,127.5023729,37.9030718,,,POI01000TR013880V,연인산리조트,390.0,24,N,7.0,3.0,5.0,5.0,5.0,
6853,2306300004,e_e002625,3,죠의아 독채 풀 빌라,2023-06-30,2023-07-01,경기 가평군 가평읍 잎너비길 17-192,경기 가평군 가평읍 읍내리 75-2,127.5131453,37.8549404,,,POI01000000DCF4UY,죠이아,540.0,24,N,8.0,3.0,4.0,4.0,4.0,
6868,2306250003,e_e002633,3,여유당,2023-06-25,2023-06-26,경기 여주시 강천면 원양1로 822,경기 여주시 강천면 도전리 655-1,127.7490152,37.3451935,,,POI02000TR001727V,여유당,510.0,24,Y,4.0,6.0,5.0,5.0,5.0,
6887,2306300008,e_e002638,8,보코 서울 강남,2023-06-30,2023-07-01,서울 강남구 도산대로 144,서울 강남구 논현동 6,127.0245452,37.5178272,,,POI01000TR041513V,보코서울강남,180.0,24,N,5.0,1.0,5.0,5.0,5.0,
6930,2306100003,e_e002677,5,켄싱턴리조트,2023-06-10,2023-06-11,서울 영등포구 국회대로76길 16,서울 영등포구 여의도동 13-3,126.9219276,37.5302612,,,POI01000TR010071V,켄싱턴호텔 여의도,120.0,24,N,8.0,1.0,4.0,4.0,5.0,
6944,2306240010,e_e002681,10,본 모텔,2023-06-24,2023-06-25,서울 구로구 경인로20나길 50,서울 구로구 오류동 47-27,126.8413701,37.4942521,,,POI010000006I0SFR,본모텔,60.0,24,N,8.0,2.0,2.0,2.0,2.0,
6970,2306100004,e_e002697,7,화원 하우스 HQ,2023-06-10,2023-06-11,연남로1길 31,,,,,,,,360.0,24,N,6.0,7.0,4.0,4.0,5.0,1144012400.0
7001,2306240003,e_e002728,3,호텔 카누,2023-06-24,2023-06-25,경기 이천시 신둔면 경충대로3041번길 12,경기 이천시 신둔면 수남리 81-3,127.4077315,37.2988842,,,POI010000006NOC0P,호텔 카누,90.0,24,N,11.0,1.0,5.0,4.0,5.0,
7033,2306170004,e_e002740,4,메이필드호텔,2023-06-17,2023-06-17,서울 강서구 방화대로 94,서울 강서구 외발산동 426,126.8190967,37.5471377,,,POI01000TR013152V,메이필드호텔 서울,120.0,24,N,7.0,1.0,5.0,4.0,5.0,
7037,2306170008,e_e002740,8,메이필드호텔,2023-06-17,2023-06-18,서울 강서구 방화대로 94,서울 강서구 외발산동 426,126.8190967,37.5471377,,,POI01000TR013152V,메이필드호텔 서울,90.0,24,Y,7.0,1.0,5.0,5.0,5.0,
7110,2306100008,e_e002753,7,에이스드라이브인무인텔,2023-06-10,2023-06-11,경기 포천시 소흘읍 광릉수목원로 724-6,경기 포천시 소흘읍 이곡리 37-1,127.1570566,37.7734784,,,POI01000000978QLV,에이스무인텔,300.0,24,N,7.0,2.0,5.0,5.0,5.0,
7116,2306290002,e_e002754,5,에스케이프 호텔,2023-06-29,2023-06-30,서울 중구 퇴계로 67,,,,,,,,210.0,24,N,2.0,1.0,5.0,5.0,5.0,1114012100.0
7158,2307010003,e_e002763,3,나인 트리 프리미어 로카우스 호텔 서울 용산,2023-07-01,2023-07-01,서울 용산구 한강대로23길 25,서울 용산구 한강로3가 40-1050,126.9643863,37.5274741,,,POI02000TR002415V,나인트리 프리미어 로카우스 호텔 서울 용산,1230.0,24,N,2.0,1.0,5.0,5.0,5.0,
7159,2307010006,e_e002763,4,나인 트리 프리미어 로카우스 호텔 서울 용산,2023-07-01,2023-07-02,서울 용산구 한강대로23길 25,서울 용산구 한강로3가 40-1050,126.9643863,37.5274741,,,POI02000TR002416V,나인트리 프리미어 로카우스 호텔 서울 용산,570.0,24,N,1.0,1.0,5.0,5.0,5.0,
7177,2307010002,e_e002770,8,코트야드 바이 메리어트 서울 타임스퀘어,2023-07-01,2023-07-02,서울 영등포구 영중로 15,서울 영등포구 영등포동4가 442,126.9043133,37.5171909,,,POI01000TR006120V,코트야드 바이메리어트 서울타임스퀘어,300.0,24,Y,1.0,1.0,5.0,5.0,5.0,
7178,2307010003,e_e002770,2,코트야드 바이 메리어트 서울 타임스퀘어,2023-07-01,2023-07-01,서울 영등포구 영중로 15,서울 영등포구 영등포동4가 442,126.9043133,37.5171909,,,POI01000TR006120V,코트야드 바이메리어트 서울타임스퀘어,30.0,24,Y,7.0,1.0,5.0,5.0,5.0,
7190,2307020007,e_e002770,14,코트야드 바이 메리어트 서울 타임스퀘어,2023-07-02,2023-07-02,서울 영등포구 영중로 15,서울 영등포구 영등포동4가 442,126.9043133,37.5171909,,,POI01000TR006120V,코트야드 바이메리어트 서울타임스퀘어,270.0,24,Y,7.0,1.0,4.0,4.0,4.0,
7204,2307080002,e_e002782,2,자일 랜드 글램핑,2023-07-08,2023-07-09,경기 포천시 영북면 호국로4350번길 154-187,경기 포천시 영북면 자일리 7-1,127.3096558,38.1056376,,,POI02001TR024772V,자일랜드글램핑,510.0,24,N,5.0,5.0,5.0,5.0,4.0,
7208,2306230003,e_e002784,3,고덕역 효성 해링턴 타워 더 퍼스트 오피스텔,2023-06-23,2023-06-23,서울 강동구 고덕로 262,서울 강동구 명일동 46-2,127.1546521,37.554729,,,POI02000TR002089V,고덕역효성해링턴타워더퍼스트오피스텔,60.0,24,N,2.0,11.0,4.0,3.0,4.0,
7213,2306230008,e_e002784,8,고덕역 효성 해링턴 타워 더 퍼스트 오피스텔,2023-06-23,2023-06-24,서울 강동구 고덕로 262,서울 강동구 명일동 46-2,127.1546521,37.554729,,,POI02000TR002091V,고덕역효성해링턴타워더퍼스트오피스텔,1410.0,24,N,2.0,11.0,4.0,3.0,3.0,
7238,2306100006,e_e002800,6,일성 남한강 콘도리조트,2023-06-10,2023-06-11,경기 여주시 신륵로 5,경기 여주시 천송동 563-6,127.6507895,37.3013256,,,POI01000000DRHAYP,일성남한강콘도미니엄,150.0,24,N,8.0,4.0,2.0,2.0,2.0,
7316,2306170003,e_e002935,3,킹덤 키즈 풀빌라,2023-06-17,2023-06-18,경기 가평군 설악면 미사리로 614-27,경기 가평군 설악면 미사리 320-1,127.5408867,37.7065122,,,POI01000TR009596V,킹덤키즈풀빌라,570.0,24,N,5.0,3.0,5.0,5.0,5.0,
7325,2306100006,e_e002937,6,스카이 썬 호텔,2023-06-10,2023-06-10,경기 이천시 중리천로 126,경기 이천시 중리동 465-5,127.4487314,37.2758217,,,POI01000TR042427V,스카이썬호텔,120.0,24,N,8.0,1.0,5.0,5.0,5.0,
7328,2306100009,e_e002937,9,스카이 썬 호텔,2023-06-10,2023-06-11,경기 이천시 중리천로 126,경기 이천시 중리동 465-5,127.4487314,37.2758217,,,POI01000TR042427V,스카이썬호텔,150.0,24,N,8.0,1.0,5.0,5.0,5.0,
7416,2307070002,e_e002976,8,신라스테이,2023-07-07,2023-07-08,서울 서대문구 충정로 76,서울 서대문구 미근동 333,126.9668042,37.5651871,,,POI010000006GIOYM,신라스테이 서대문,30.0,24,N,6.0,1.0,4.0,3.0,3.0,
7420,2307070006,e_e002976,5,신라스테이,2023-07-07,2023-07-07,서울 서대문구 충정로 76,서울 서대문구 미근동 333,126.9668042,37.5651871,,,POI010000006GIOYM,신라스테이 서대문,60.0,24,N,6.0,1.0,4.0,4.0,4.0,
7454,2306170006,e_e002986,6,에이스 호텔,2023-06-17,2023-06-18,경기 파주시 조리읍 통일로 170,경기 파주시 조리읍 봉일천리 60-15,126.8237557,37.7374667,,,POI010000006FISZQ,에이스호텔,270.0,24,N,11.0,2.0,5.0,5.0,5.0,
7506,2306160012,e_e003001,11,글래드,2023-06-16,2023-06-17,서울 영등포구 의사당대로 16,서울 영등포구 여의도동 17-5,126.9172764,37.5273992,,,POI01000TR035069V,글래드 여의도,120.0,24,N,2.0,1.0,5.0,5.0,5.0,
7515,2307070004,e_e003002,4,큰삼촌 농촌체험여행,2023-07-07,2023-07-08,경기 양평군 청운면 신론로 358,경기 양평군 청운면 신론리 294-1,127.7753504,37.5608221,,,POI01000000DB67JG,영농조합법인큰삼촌,900.0,24,N,10.0,8.0,4.0,4.0,4.0,
7524,2307010002,e_e003004,2,호텔도노,2023-07-01,2023-07-01,경기 수원시 팔달구 신풍로 68,경기 수원시 팔달구 장안동 30-6,127.0138346,37.2870468,,,POI01000TR033786V,호텔도노,30.0,24,N,6.0,1.0,3.0,3.0,3.0,
7529,2307010007,e_e003004,8,호텔도노,2023-07-01,2023-07-02,경기 수원시 팔달구 신풍로 68,경기 수원시 팔달구 장안동 30-6,127.0138346,37.2870468,,,POI01000TR033786V,호텔도노,90.0,24,N,6.0,1.0,3.0,3.0,3.0,
7553,2306110010,e_e003017,10,돌체 카사 호텔,2023-06-11,2023-06-12,경기 남양주시 조안면 북한강로989번길 4,경기 남양주시 조안면 삼봉리 10,127.3405612,37.6042684,,,POI0100000079VA1I,돌체카사호텔입구,270.0,24,N,2.0,1.0,4.0,4.0,4.0,
7571,2307020003,e_e003020,3,파로스 관광호텔,2023-07-02,2023-07-02,서울 송파구 올림픽로10길 5,서울 송파구 잠실동 180,127.0811662,37.5110597,,,POI01000000BI0V6Q,파로스관광호텔,60.0,24,N,6.0,1.0,2.0,1.0,1.0,
7573,2307020005,e_e003020,5,파로스 관광호텔,2023-07-02,2023-07-02,서울 송파구 올림픽로10길 5,서울 송파구 잠실동 180,127.0811662,37.5110597,,,POI01000000BI0V6Q,파로스관광호텔,60.0,24,N,6.0,1.0,2.0,1.0,1.0,
7575,2307020007,e_e003020,7,파로스 관광호텔,2023-07-02,2023-07-03,서울 송파구 올림픽로10길 5,서울 송파구 잠실동 180,127.0811662,37.5110597,,,POI01000000BI0V6Q,파로스관광호텔,1320.0,24,N,6.0,1.0,2.0,1.0,1.0,
7588,2307010004,e_e003022,4,테이크 호텔,2023-07-01,2023-07-01,경기 광명시 신기로 22,경기 광명시 일직동 512-3,126.8832251,37.4191384,,,POI01000TR024948V,테이크호텔,210.0,24,N,2.0,1.0,4.0,4.0,4.0,
7590,2307010006,e_e003022,6,테이크 호텔,2023-07-01,2023-07-02,경기 광명시 신기로 22,경기 광명시 일직동 512-3,126.8832251,37.4191384,,,POI01000TR024948V,테이크호텔,210.0,24,N,2.0,1.0,4.0,4.0,4.0,
7592,2307020002,e_e003022,9,테이크 호텔,2023-07-02,2023-07-03,경기 광명시 신기로 22,경기 광명시 일직동 512-3,126.8832251,37.4191384,,,POI01000TR024948V,테이크호텔,690.0,24,N,2.0,1.0,4.0,4.0,4.0,
7597,2307080008,e_e003023,4,해와 달수상 카바나 빌리지,2023-07-08,2023-07-09,,경기 포천시 관인면 냉정리 232-38,127.275229,38.1716642,,,POI02000TR003262V,해와달수상카바나빌리지,600.0,24,Y,4.0,5.0,5.0,5.0,5.0,
7612,2306110002,e_e003033,5,골든 튤립에버 용인 호텔,2023-06-11,2023-06-12,경기 용인시 처인구 포곡읍 전대로78번길 19-2,경기 용인시 처인구 포곡읍 전대리 356-1,127.2167441,37.2870583,,,POI01000TR029244V,골든튤립에버 용인호텔,330.0,24,N,8.0,1.0,4.0,4.0,4.0,
7619,2306180002,e_e003034,4,호텔 시에로,2023-06-18,2023-06-19,경기 시흥시 거북섬둘레길 5-7 7~10층  호텔 시엘로,,,,,,,,420.0,24,N,2.0,1.0,5.0,5.0,5.0,4139013200.0
7626,2306160005,e_e003039,4,늘 푸른 쉼터 오토캠프장,2023-06-16,2023-06-17,경기 가평군 설악면 어비산길 76,경기 가평군 설악면 가일리 140-1,127.5003051,37.5972591,,,POI01000000BL1XG6,늘푸른쉼터입구,780.0,24,Y,4.0,5.0,4.0,4.0,4.0,
7646,2306240002,e_e003051,9,IMT 모텔,2023-06-24,2023-06-25,서울 종로구 수표로18가길 8,서울 종로구 관수동 140,126.9903004,37.5690512,,,POI01000TR043020V,IMT모텔,30.0,24,N,8.0,2.0,4.0,3.0,5.0,
7665,2306230005,e_e003062,4,골든 튤립에버 용인 호텔,2023-06-23,2023-06-24,경기 용인시 처인구 포곡읍 전대로78번길 19-2,경기 용인시 처인구 포곡읍 전대리 356-1,127.2167441,37.2870583,,,POI01000TR029244V,골든튤립에버 용인호텔,390.0,24,N,1.0,1.0,5.0,5.0,5.0,
7692,2306140002,e_e003071,11,호텔 더캐슬 2호점,2023-06-14,2023-06-15,서울 송파구 올림픽로32길 7-1,서울 송파구 방이동 36-18,127.1091369,37.515352,,,POI01000TR015340V,호텔더캐슬 2호점,120.0,24,N,8.0,1.0,1.0,1.0,1.0,
7722,2307010009,e_e003079,9,호텔 JJ,2023-07-01,2023-07-02,경기 수원시 팔달구 권광로175번길 25,경기 수원시 팔달구 인계동 1044-17,127.0309333,37.2634544,,,POI01000000CVFKXZ,호텔제이제이,30.0,22,N,6.0,1.0,4.0,1.0,3.0,
7728,2306240002,e_e003080,3,양평 더휴 글램핑장,2023-06-24,2023-06-25,경기 양평군 옥천면 옥천체육공원길 4,경기 양평군 옥천면 옥천리 514-1,127.4608218,37.5229801,,,POI02000TR001262V,양평더휴글램핑장,510.0,24,N,2.0,5.0,5.0,5.0,5.0,
7760,2306300003,e_e003102,3,더블트리 바이 힐튼 서울 판교,2023-06-30,2023-07-01,경기 성남시 분당구 백현로 26,경기 성남시 분당구 정자동 3-2,127.104058,37.3806587,,,POI02000TR002096V,더블트리 바이 힐튼 서울 판교,540.0,24,N,1.0,1.0,5.0,5.0,5.0,
7770,2306240004,e_e003107,3,라마다 용인 호텔,2023-06-24,2023-06-24,경기 용인시 처인구 포곡읍 마성로 420,경기 용인시 처인구 포곡읍 전대리 356-6,127.216603,37.2865936,,,POI01000000DRLKSX,라마다용인호텔,720.0,24,N,8.0,1.0,3.0,3.0,3.0,
7772,2306240006,e_e003107,5,라마다 용인 호텔,2023-06-24,2023-06-25,경기 용인시 처인구 포곡읍 마성로 420,경기 용인시 처인구 포곡읍 전대리 356-6,127.216603,37.2865936,,,POI01000000DRLKSX,라마다용인호텔,1410.0,24,N,8.0,1.0,3.0,3.0,3.0,
7783,2306240006,e_e003109,5,슈거 풀빌라 스파 글램핑,2023-06-24,2023-06-25,경기 가평군 북면 가화로 1422-14,경기 가평군 북면 제령리 635,127.5110184,37.9003787,,,POI01000000DBX0S9,슈가스파글램핑,1140.0,24,N,11.0,3.0,4.0,3.0,3.0,
7792,2306250005,e_e003115,5,취옹 예술관,2023-06-25,2023-06-26,경기 가평군 상면 수목원로 300,경기 가평군 상면 행현리 563,127.3595347,37.7532224,,,POI01000000BFYQU4,취옹예술관,1110.0,24,Y,4.0,6.0,5.0,5.0,5.0,
7810,2307020004,e_e003120,4,원더풀 글램핑 앤 카라반,2023-07-02,2023-07-03,임초반암골로 117-27,,,,,,,,300.0,24,N,5.0,5.0,5.0,5.0,5.0,4182033000.0
7820,2306240007,e_e003126,6,채송화 하우스,2023-06-24,2023-06-25,경기 가평군 북면 가화로 1420-60,경기 가평군 북면 제령리 641,127.5115796,37.9019547,,,POI01000000BGINKC,채송화하우스,330.0,24,N,2.0,3.0,5.0,5.0,5.0,
7852,2307010015,e_e003143,10,H 에비뉴 건대점,2023-07-01,2023-07-02,서울 광진구 동일로 156,,,,,,,,150.0,24,N,8.0,1.0,5.0,5.0,5.0,1121510700.0
7865,2306180002,e_e003156,6,라마다 앙코르 바이 윈덤 김포한강호텔,2023-06-18,2023-06-19,경기 김포시 고촌읍 아라육로152번길 169,경기 김포시 고촌읍 전호리 634,126.7858922,37.6012211,,,POI01000000B1HJQY,라마다앙코르바이윈덤 김포한강호텔,150.0,24,Y,6.0,1.0,3.0,3.0,3.0,
7866,2306180003,e_e003156,2,라마다 앙코르 바이 윈덤 김포한강호텔,2023-06-18,2023-06-18,경기 김포시 고촌읍 아라육로152번길 169,경기 김포시 고촌읍 전호리 634,126.7858922,37.6012211,,,POI01000000B1HJQY,라마다앙코르바이윈덤 김포한강호텔,60.0,24,N,6.0,1.0,3.0,4.0,4.0,
7879,2306240002,e_e003159,9,한화리조트 용인 베잔송,2023-06-24,2023-06-25,경기 용인시 처인구 남사읍 봉무로153번길 79,경기 용인시 처인구 남사읍 봉무리 257-1,127.1441266,37.1316613,,,POI01000000AMGCVF,째깍섬 한화용인센터,30.0,24,N,6.0,4.0,4.0,3.0,3.0,
7882,2306240005,e_e003159,4,플라자 CC 용인,2023-06-24,2023-06-24,경기 용인시 처인구 남사읍 봉무로153번길 79,경기 용인시 처인구 남사읍 통삼리 1-1,127.141031,37.1330662,,,POI01000000B6R9DQ,프라자컨트리클럽,30.0,7,N,6.0,4.0,4.0,4.0,4.0,
7896,2306170007,e_e003162,8,호텔 페이트 삼성,2023-06-17,2023-06-17,서울 강남구 테헤란로87길 9,서울 강남구 삼성동 158-13,127.0587182,37.5084537,,,POI02000TR001158V,호텔페이토 삼성,120.0,24,N,6.0,1.0,5.0,5.0,5.0,
7898,2306170009,e_e003162,10,호텔 페이트 삼성,2023-06-17,2023-06-18,서울 강남구 테헤란로87길 9,서울 강남구 삼성동 158-13,127.0587182,37.5084537,,,POI02000TR001159V,호텔페이토 삼성,120.0,24,N,6.0,1.0,5.0,5.0,5.0,
7910,2306260002,e_e003172,6,호텔리베라,2023-06-26,2023-06-27,서울 강남구 영동대로 737,서울 강남구 청담동 53-7,127.0542098,37.523827,,,POI010000006KLNOI,리베라호텔,420.0,24,Y,4.0,1.0,4.0,4.0,4.0,
7916,2306270002,e_e003172,7,호텔리베라,2023-06-27,2023-06-27,서울 강남구 영동대로 737,서울 강남구 청담동 53-7,127.0542098,37.523827,,,POI010000006KLNOI,리베라호텔,60.0,24,N,7.0,1.0,5.0,5.0,5.0,
7968,2306160005,e_e003196,4,올라 카이 송도파크호텔,2023-06-16,2023-06-16,인천 연수구 테크노파크로 151,인천 연수구 송도동 93-1,126.6407978,37.388124,,,POI010000006EGLBS,오라카이 송도파크호텔,90.0,24,N,2.0,1.0,5.0,5.0,5.0,
7971,2306160008,e_e003196,7,올라 카이 송도파크호텔,2023-06-16,2023-06-16,인천 연수구 테크노파크로 151,인천 연수구 송도동 93-1,126.6407978,37.388124,,,POI010000006EGLBS,오라카이 송도파크호텔,60.0,24,N,2.0,1.0,5.0,5.0,5.0,
7974,2306160012,e_e003196,10,올라 카이 송도파크호텔,2023-06-16,2023-06-17,인천 연수구 테크노파크로 151,인천 연수구 송도동 93-1,126.6407978,37.388124,,,POI010000006EGLBS,오라카이 송도파크호텔,1380.0,24,N,2.0,1.0,5.0,5.0,5.0,
7982,2306240003,e_e003198,3,브라운 도트 용인점,2023-06-24,2023-06-24,경기 용인시 처인구 금령로106번길 5,경기 용인시 처인구 김량장동 99-2,127.2081961,37.2350169,,,POI01000000DRLCZW,브라운도트,30.0,24,N,11.0,1.0,5.0,4.0,4.0,
7984,2306240006,e_e003198,5,브라운 도트 용인점,2023-06-24,2023-06-25,경기 용인시 처인구 금령로106번길 5,경기 용인시 처인구 김량장동 99-2,127.2081961,37.2350169,,,POI01000000DRLCZW,브라운도트,210.0,24,Y,11.0,1.0,5.0,4.0,4.0,
7998,2307070006,e_e003202,5,호텔 하우스,2023-07-07,2023-07-08,경기 가평군 설악면 자잠로 279,경기 가평군 설악면 사룡리 185-2,127.4897794,37.6979692,,,POI01000TR009014V,호텔하우스,120.0,24,N,8.0,1.0,5.0,5.0,5.0,
8030,2306240007,e_e003210,7,헤이리 힐스 타운하우스,2023-06-24,2023-06-25,경기 파주시 탄현면 국원말길 57-17,경기 파주시 탄현면 법흥리 458-46,126.708213,37.7810638,,,POI02000TR001430V,헤이리힐스타운하우스,450.0,24,N,6.0,3.0,5.0,5.0,5.0,
8035,2306150003,e_e003212,3,올라 카이 송도파크호텔,2023-06-15,2023-06-15,인천 연수구 테크노파크로 151,인천 연수구 송도동 93-1,126.6407978,37.388124,,,POI010000006EGLBS,오라카이 송도파크호텔,150.0,24,Y,4.0,1.0,5.0,4.0,4.0,
8037,2306150005,e_e003212,5,올라 카이 송도파크호텔,2023-06-15,2023-06-16,인천 연수구 테크노파크로 151,인천 연수구 송도동 93-1,126.6407978,37.388124,,,POI010000006EGLBS,오라카이 송도파크호텔,60.0,24,Y,4.0,1.0,5.0,4.0,4.0,
8072,2306260002,e_e003227,2,킹덤 키즈 풀빌라,2023-06-26,2023-06-27,경기 가평군 설악면 미사리로 614-27,경기 가평군 설악면 미사리 320-1,127.5408867,37.7065122,,,POI01000TR009596V,킹덤키즈풀빌라,540.0,24,N,2.0,3.0,5.0,4.0,4.0,
8094,2307010009,e_e003235,4,인디어 라운드,2023-07-01,2023-07-02,경기 이천시 이섭대천로941번길 49-44,,,,,,,,600.0,24,N,1.0,5.0,5.0,5.0,5.0,2817710400.0
8118,2306170004,e_e003245,4,SR 호텔,2023-06-17,2023-06-17,서울 강서구 강서로 400,서울 강서구 등촌동 678-11,126.8394628,37.5611254,,,POI02000TR000312V,SR호텔,180.0,24,N,2.0,2.0,5.0,5.0,5.0,
8123,2306170009,e_e003245,9,SR 호텔,2023-06-17,2023-06-18,서울 강서구 강서로 400,서울 강서구 등촌동 678-11,126.8394628,37.5611254,,,POI02000TR000315V,SR호텔,120.0,24,N,2.0,1.0,5.0,5.0,5.0,
8203,2306240006,e_e003272,6,휴랜드관광농원,2023-06-24,2023-06-24,경기 포천시 이동면 금강로 6159-25,경기 포천시 이동면 도평리 509-1,127.3890916,38.0782327,,,POI01000000DCCPJ5,휴랜드관광농원,1200.0,24,N,2.0,3.0,5.0,5.0,5.0,
8204,2306240007,e_e003272,7,휴랜드관광농원,2023-06-24,2023-06-25,경기 포천시 이동면 금강로 6159-25,경기 포천시 이동면 도평리 509-1,127.3890916,38.0782327,,,POI01000000DCCPJ5,휴랜드관광농원,540.0,24,N,2.0,3.0,5.0,5.0,5.0,
8211,2306190003,e_e003275,2,감성 스테이,2023-06-19,2023-06-19,경기 가평군 청평면 남이터길 52-35,경기 가평군 청평면 대성리 산 185-243,127.372681,37.689449,,,POI02000TR001171V,감성스테이,420.0,24,N,2.0,5.0,4.0,4.0,2.0,
8220,2307010004,e_e003278,4,은대리 쉼 남루,2023-07-01,2023-07-02,경기 연천군 전곡읍 평화로940번길 200,경기 연천군 전곡읍 은대리 49-1,127.0786472,38.0519328,,,POI010000006BV0CK,은대리쉼나루,540.0,24,N,8.0,3.0,3.0,3.0,2.0,
8233,2306180004,e_e003280,4,또바기 스파 글램핑,2023-06-18,2023-06-19,경기 가평군 북면 멱골로 205-10,경기 가평군 북면 목동리 592-1,127.5731245,37.9085335,,,POI01000TR022101V,또바기스파글램핑,390.0,24,N,2.0,5.0,5.0,4.0,5.0,
8277,2306170007,e_e003289,8,경기 김포시 김포한강 9로 8 다온 플라자 7층,2023-06-17,2023-06-18,캘리포니아 호텔,,,,,,,,60.0,24,N,7.0,1.0,5.0,4.0,4.0,4157010900.0
8342,2306180010,e_e003300,10,스파이크 하우스 흑석점,2023-06-18,2023-06-18,서울 동작구 흑석로9길 10,,,,,,,,90.0,11,N,9.0,7.0,3.0,2.0,2.0,1159010500.0
8369,2306240007,e_e003311,6,남한강 선밸리 호텔,2023-06-24,2023-06-25,경기 여주시 강변유원지길 45,경기 여주시 연양동 414,127.6611084,37.2931881,,,POI01000TR030046V,남한강썬밸리호텔,570.0,24,N,8.0,1.0,5.0,5.0,5.0,
8411,2306190003,e_e003328,5,용문산 자연휴양림,2023-06-19,2023-06-19,경기 양평군 양평읍 약수사길 78-14,경기 양평군 양평읍 백안리 산 68-1,127.5190793,37.5163053,,,POI01000000BYKN2E,용문산자연휴양림,1320.0,24,N,2.0,5.0,5.0,5.0,5.0,
8412,2306190004,e_e003328,6,용문산 자연휴양림,2023-06-19,2023-06-20,경기 양평군 양평읍 약수사길 78-14,경기 양평군 양평읍 백안리 산 68-1,127.5190793,37.5163053,,,POI01000000BYKN2E,용문산자연휴양림,540.0,24,N,1.0,5.0,5.0,4.0,5.0,
8418,2306300002,e_e003329,2,서울 신라호텔,2023-06-30,2023-07-01,서울 중구 동호로 249,서울 중구 장충동2가 202,127.0051788,37.5559546,,,POI01000TR010188V,서울신라호텔,690.0,24,N,1.0,1.0,5.0,5.0,5.0,
8430,2306160004,e_e003331,4,아이 섬 풀 글램핑,2023-06-16,2023-06-17,경기 가평군 북면 꽃넘이길 115-115,경기 가평군 북면 제령리 613-1,127.5128059,37.8999132,,,POI02000TR000321V,아이섬풀글램핑,420.0,24,N,1.0,5.0,5.0,5.0,5.0,
8454,2307060007,e_e003335,7,건대입구역 자이엘라 오피스텔,2023-07-06,2023-07-07,서울 광진구 능동로 87,서울 광진구 자양동 2-2,127.069677,37.5391251,,,POI02000TR004393V,건대입구역자이엘라오피스텔,120.0,24,N,6.0,11.0,4.0,4.0,4.0,
8465,2307010007,e_e003336,6,Si 호텔,2023-07-01,2023-07-02,서울 금천구 벚꽃로 182,서울 금천구 독산동 336-28,126.8878807,37.471272,,,POI02000TR002431V,Si호텔,60.0,24,N,8.0,2.0,4.0,3.0,3.0,
8476,2306250002,e_e003341,6,서울 신라호텔,2023-06-25,2023-06-26,서울 중구 동호로 249,,,,,,,,120.0,24,N,1.0,1.0,4.0,4.0,4.0,4119010900.0
8478,2306250004,e_e003341,3,서울 신라호텔,2023-06-25,2023-06-25,서울 중구 동호로 249,서울 중구 장충동2가 202,127.0051788,37.5559546,,,POI01000TR010188V,서울신라호텔,240.0,24,N,1.0,1.0,4.0,4.0,4.0,
8485,2306210002,e_e003342,6,라퓨타리조트,2023-06-21,2023-06-22,,,,,,,,,540.0,24,N,1.0,3.0,5.0,5.0,5.0,4182025034.0
8505,2306290006,e_e003349,6,호텔 플렉스,2023-06-29,2023-06-29,경기 수원시 팔달구 권광로180번길 18-23,경기 수원시 팔달구 인계동 1123-19,127.0335269,37.2622715,,,POI01000000DRJOPW,호텔플렉스,60.0,24,N,8.0,2.0,3.0,3.0,3.0,
8508,2306290009,e_e003349,8,호텔 플렉스,2023-06-29,2023-06-29,경기 수원시 팔달구 권광로180번길 18-23,경기 수원시 팔달구 인계동 1123-19,127.0335269,37.2622715,,,POI01000000DRJOPW,호텔플렉스,30.0,24,Y,8.0,2.0,3.0,3.0,3.0,
8509,2306290010,e_e003349,10,호텔 플렉스,2023-06-29,2023-06-30,경기 수원시 팔달구 권광로180번길 18-23,경기 수원시 팔달구 인계동 1123-19,127.0335269,37.2622715,,,POI01000000DRJOPW,호텔플렉스,60.0,24,Y,8.0,2.0,3.0,3.0,3.0,
8525,2306170002,e_e003357,8,스타즈 호텔 동탄점,2023-06-17,2023-06-18,경기 화성시 큰재봉길 31-11,,,,,,,,30.0,24,N,8.0,1.0,5.0,5.0,5.0,4159012800.0
8556,2307010002,e_e003369,8,스타즈 호텔 동탄점,2023-07-01,2023-07-02,경기 화성시 큰재봉길 31-11,,,,,,,,150.0,24,Y,11.0,1.0,4.0,3.0,3.0,4313038500.0
8557,2307010003,e_e003369,2,스타즈 호텔 동탄점,2023-07-01,2023-07-01,경기 화성시 큰재봉길 31-11,경기 화성시 석우동 34-8,127.0788087,37.2182105,,,POI02001TR018246V,스타즈호텔 동탄점,30.0,24,N,11.0,1.0,2.0,3.0,3.0,
8560,2307010006,e_e003369,5,스타즈 호텔 동탄점,2023-07-01,2023-07-01,경기 화성시 큰재봉길 31-11,경기 화성시 석우동 34-8,127.0788087,37.2182105,,,POI02001TR018246V,스타즈호텔 동탄점,240.0,24,N,6.0,1.0,4.0,3.0,3.0,
8569,2307030005,e_e003371,5,호텔 나루 서울 엠 갤러리,2023-07-03,2023-07-03,서울 마포구 마포대로 8,서울 마포구 마포동 450,126.9443694,37.537436,,,POI01000TR103552V,호텔 나루 서울 엠갤러리,270.0,24,N,1.0,1.0,5.0,5.0,5.0,
8571,2307030007,e_e003371,7,호텔 나루 서울 엠 갤러리,2023-07-03,2023-07-04,서울 마포구 마포대로 8,서울 마포구 마포동 450,126.9443694,37.537436,,,POI01000TR103552V,호텔 나루 서울 엠갤러리,150.0,24,N,2.0,1.0,5.0,5.0,5.0,
8589,2306200003,e_e003380,3,밀리오레 호텔 명동,2023-06-20,2023-06-20,서울 중구 퇴계로 115,서울 중구 충무로1가 24-1,126.9842111,37.5610497,,,POI01000TR033588V,밀리오레호텔 명동,150.0,24,N,6.0,1.0,4.0,4.0,4.0,
8594,2306200009,e_e003380,8,밀리오레 호텔 명동,2023-06-20,2023-06-21,서울 중구 퇴계로 115,서울 중구 충무로1가 24-1,126.9842111,37.5610497,,,POI01000TR033588V,밀리오레호텔 명동,120.0,24,N,6.0,1.0,4.0,4.0,4.0,
8623,2306290006,e_e003388,6,풀 빌라 앤 글램핑 랜드,2023-06-29,2023-06-30,경기 가평군 가평읍 복장포길 46-148,경기 가평군 가평읍 복장리 212-4,127.5031944,37.7442456,,,POI01000TR024261V,풀빌라귀족펜션,600.0,24,N,8.0,5.0,4.0,4.0,4.0,
8648,2307040008,e_e003402,8,호텔 라왕,2023-07-04,2023-07-05,서울 종로구 수표로26길 3,서울 종로구 낙원동 135-1,126.9891782,37.5722767,,,POI010000006GKA3F,호텔라와,210.0,24,N,7.0,1.0,5.0,5.0,5.0,
8668,2306180008,e_e003409,7,M 모텔,2023-06-18,2023-06-19,서울 관악구 남부순환로 2082-27,서울 관악구 남현동 1060-9,126.9808431,37.476035,,,POI010000006ICC08,M모텔,150.0,24,N,8.0,2.0,5.0,5.0,5.0,
8682,2306240010,e_e003411,11,라마다 용인 호텔,2023-06-24,2023-06-25,경기 용인시 처인구 포곡읍 마성로 420,경기 용인시 처인구 포곡읍 전대리 356-6,127.216603,37.2865936,,,POI01000000DRLKSX,라마다용인호텔,150.0,24,N,6.0,1.0,5.0,5.0,5.0,
8719,2306170002,e_e003417,11,호텔식 스티,2023-06-17,2023-06-18,서울 송파구 올림픽로12길 4-12,서울 송파구 잠실동 181-19,127.082319,37.5112868,,,POI010000006KO3W9,호텔식스티,1440.0,24,N,8.0,2.0,5.0,5.0,5.0,
8747,2307010004,e_e003431,7,탑클라우드 호텔 수원점,2023-07-01,2023-07-02,경기 수원시 장안구 수성로350번길 13,경기 수원시 장안구 영화동 305-1,127.0108899,37.2924426,,,POI010000006MZKLS,탑클라우드호텔 수원점,30.0,24,N,5.0,1.0,5.0,5.0,5.0,
8787,2307070003,e_e003439,3,테이크 호텔,2023-07-07,2023-07-07,경기 광명시 신기로 22,경기 광명시 일직동 512-3,126.8832251,37.4191384,,,POI01000TR024948V,테이크호텔,180.0,24,N,2.0,1.0,5.0,5.0,5.0,
8789,2307070005,e_e003439,5,테이크 호텔,2023-07-07,2023-07-08,경기 광명시 신기로 22,경기 광명시 일직동 512-3,126.8832251,37.4191384,,,POI01000TR024948V,테이크호텔,30.0,24,N,2.0,1.0,5.0,3.0,4.0,
8799,2306170006,e_e003440,6,너니 굴 문화마을,2023-06-17,2023-06-18,경기 안성시 보개면 너리굴길 100,경기 안성시 보개면 신장리 63-1,127.2789342,37.0406698,,,POI01000000BU53PY,너리굴문화마을,390.0,24,N,5.0,3.0,4.0,4.0,4.0,
8808,2306210004,e_e003442,4,레스트 호텔,2023-06-21,2023-06-22,경기 김포시 태장로795번길 151,경기 김포시 장기동 2011-5,126.6851359,37.6399088,,,POI010000006FWBRF,레스트호텔,150.0,24,N,8.0,1.0,4.0,4.0,4.0,
8821,2307050009,e_e003463,5,한화리조트 용인 베잔송,2023-07-05,2023-07-06,경기 용인시 처인구 남사읍 봉무로153번길 79,,,,,,,,390.0,24,N,1.0,4.0,4.0,2.0,3.0,4128110300.0
8836,2306170011,e_e003465,11,SL 모텔,2023-06-17,2023-06-18,서울 영등포구 당산로33길 3,서울 영등포구 당산동3가 386-7,126.8963545,37.5270268,,,POI02000TR000938V,SL모텔,120.0,24,N,8.0,2.0,2.0,1.0,1.0,
8875,2306170009,e_e003471,8,취옹 예술관,2023-06-17,2023-06-18,경기 가평군 상면 수목원로 300,경기 가평군 상면 행현리 563,127.3595347,37.7532224,,,POI01000000BFYQU4,취옹예술관,300.0,24,N,1.0,6.0,4.0,4.0,4.0,
8884,2307010005,e_e003472,5,라마다 인천 호텔,2023-07-01,2023-07-01,인천 남동구 소래역로 36,인천 남동구 논현동 677-6,126.7354821,37.4002852,,,POI010000008981I4,라마다인천호텔,60.0,24,N,6.0,1.0,5.0,5.0,5.0,
8888,2307010009,e_e003472,9,라마다 인천 호텔,2023-07-01,2023-07-02,인천 남동구 소래역로 36,인천 남동구 논현동 677-6,126.7354821,37.4002852,,,POI010000008981I4,라마다인천호텔,120.0,24,N,6.0,1.0,5.0,5.0,5.0,
8894,2306180003,e_e003475,3,테이크 호텔,2023-06-18,2023-06-18,경기 광명시 신기로 22,경기 광명시 일직동 512-3,126.8832251,37.4191384,,,POI01000TR024948V,테이크호텔,780.0,24,N,2.0,1.0,4.0,4.0,4.0,
8895,2306180004,e_e003475,5,테이크 호텔,2023-06-18,2023-06-19,경기 광명시 신기로 22,경기 광명시 일직동 512-3,126.8832251,37.4191384,,,POI01000TR024948V,테이크호텔,360.0,24,Y,2.0,1.0,4.0,4.0,4.0,
8933,2306250003,e_e003486,4,노블 글램핑,2023-06-25,2023-06-25,경기 포천시 군내면 청군로 2800,경기 포천시 군내면 직두리 154-16,127.25102,37.8652717,,,POI02000TR001897V,노블글램핑,300.0,24,N,2.0,5.0,5.0,5.0,5.0,
8948,2306180005,e_e003502,5,일곱 난쟁이,2023-06-18,2023-06-18,경기 가평군 상면 녹수계곡로 41,경기 가평군 상면 덕현리 345-4,127.3933565,37.7664919,,,POI010000006CVDOA,일곱난쟁이펜션,30.0,24,N,8.0,3.0,5.0,5.0,5.0,
8951,2306180008,e_e003502,8,일곱 난쟁이,2023-06-18,2023-06-19,경기 가평군 상면 녹수계곡로 41,경기 가평군 상면 덕현리 345-4,127.3933565,37.7664919,,,POI010000006CVDOA,일곱난쟁이펜션,330.0,24,Y,8.0,3.0,5.0,5.0,5.0,
8956,2307010003,e_e003506,3,라마다플라자 수원 호텔,2023-07-01,2023-07-01,경기 수원시 팔달구 중부대로 150,경기 수원시 팔달구 인계동 940,127.03244,37.2777301,,,POI01000TR018265V,라마다프라자 수원호텔,60.0,24,Y,4.0,1.0,5.0,5.0,5.0,
8959,2307010006,e_e003506,6,라마다플라자 수원 호텔,2023-07-01,2023-07-01,경기 수원시 팔달구 중부대로 150,경기 수원시 팔달구 인계동 940,127.03244,37.2777301,,,POI01000TR018265V,라마다프라자 수원호텔,30.0,24,Y,4.0,1.0,5.0,5.0,5.0,
8961,2307010008,e_e003506,8,라마다플라자 수원 호텔,2023-07-01,2023-07-02,경기 수원시 팔달구 중부대로 150,경기 수원시 팔달구 인계동 940,127.03244,37.2777301,,,POI01000TR018265V,라마다프라자 수원호텔,1410.0,24,Y,4.0,1.0,5.0,5.0,5.0,
8964,2307020003,e_e003506,11,라마다플라자 수원 호텔,2023-07-02,2023-07-02,경기 수원시 팔달구 중부대로 150,경기 수원시 팔달구 인계동 940,127.03244,37.2777301,,,POI01000TR018265V,라마다프라자 수원호텔,540.0,24,Y,4.0,1.0,5.0,5.0,5.0,
8970,2306290002,e_e003514,2,그랜드 하얏트 서울,2023-06-29,2023-06-29,서울 용산구 소월로 322,서울 용산구 한남동 747-7,126.9970808,37.5394448,,,POI01000TR007380V,그랜드하얏트서울,60.0,24,Y,4.0,1.0,4.0,5.0,5.0,
8973,2306290005,e_e003514,5,그랜드 하얏트 서울,2023-06-29,2023-06-30,서울 용산구 소월로 322,서울 용산구 한남동 747-7,126.9970808,37.5394448,,,POI01000TR007380V,그랜드하얏트서울,90.0,24,Y,4.0,1.0,5.0,5.0,5.0,
8975,2306300002,e_e003514,7,그랜드 하얏트 서울,2023-06-30,2023-06-30,서울 용산구 소월로 322,서울 용산구 한남동 747-7,126.9970808,37.5394448,,,POI01000TR007380V,그랜드하얏트서울,30.0,24,Y,4.0,1.0,5.0,5.0,5.0,
8989,2306220008,e_e003518,5,골든 튤립에버 용인 호텔,2023-06-22,2023-06-23,경기 용인시 처인구 포곡읍 전대로78번길 19-2,,,,,,,,360.0,24,N,7.0,1.0,4.0,3.0,3.0,4111113200.0
9089,2306220005,e_e003570,5,강가 네 떡볶이,2023-06-22,2023-06-22,서울 종로구 종로32길 2,서울 종로구 종로4가 188,127.0004211,37.5706193,,,POI01000000CXK3XP,강가네떡볶이,30.0,4,N,1.0,1.0,5.0,5.0,5.0,
9092,2306220008,e_e003570,8,호텔유파이브,2023-06-22,2023-06-23,서울 중구 동호로 369,서울 중구 을지로5가 19-29,127.0018597,37.5673973,,,POI01000TR018960V,호텔 U5,300.0,24,N,8.0,1.0,5.0,5.0,5.0,
9104,2306210006,e_e003572,6,호텔스카이파크,2023-06-21,2023-06-21,서울 중구 장충단로13길 20,서울 중구 을지로6가 17-2,127.00767,37.5687126,,,POI01000TR035275V,호텔 스카이파크 킹스타운 동대문점,30.0,24,N,6.0,1.0,4.0,3.0,3.0,
9107,2306210009,e_e003572,9,호텔스카이파크,2023-06-21,2023-06-22,서울 중구 장충단로13길 20,서울 중구 을지로6가 17-2,127.00767,37.5687126,,,POI01000TR035275V,호텔 스카이파크 킹스타운 동대문점,30.0,24,Y,11.0,1.0,4.0,3.0,3.0,
9120,2307050001,e_e003576,9,비 클래시 북한강점,2023-07-05,2023-07-06,경기 가평군 가평읍 복장리 80-20,,,,,,,,270.0,24,N,8.0,3.0,5.0,5.0,5.0,4182025033.0
9155,2306240003,e_e003591,4,콘래드,2023-06-24,2023-06-25,서울 영등포구 국제금융로 10,서울 영등포구 여의도동 23-1,126.9267428,37.5254277,,,POI01000TR003867V,콘래드 서울,180.0,24,Y,1.0,1.0,5.0,5.0,5.0,
9223,2306240002,e_e003617,8,라이브러리 스테이 지지향,2023-06-24,2023-06-25,경기 파주시 회동길 145,경기 파주시 문발동 524-3,126.6866875,37.7082645,,,POI01000TR004552V,라이브러리스테이 지지향,180.0,24,N,7.0,7.0,4.0,3.0,4.0,
9277,2306240002,e_e003632,4,오라 호텔,2023-06-24,2023-06-25,서울 강동구 양재대로109길 22,서울 강동구 길동 412-14,127.1388988,37.5365358,,,POI02000TR002701V,오라호텔,840.0,24,N,3.0,2.0,3.0,3.0,3.0,
9294,2306240008,e_e003640,7,헤라 모텔,2023-06-24,2023-06-25,서울 광진구 동일로 335,서울 광진구 중곡동 611-1,127.074288,37.5610229,,,POI02000TR002903V,헤라모텔,60.0,24,N,8.0,2.0,2.0,2.0,2.0,
9340,2307010003,e_e003663,2,쉐라톤 그랜드 인천 호텔,2023-07-01,2023-07-01,인천 연수구 컨벤시아대로 153,인천 연수구 송도동 6-9,126.6452838,37.3903549,,,POI01000TR014442V,쉐라톤그랜드 인천호텔,150.0,24,N,7.0,1.0,5.0,5.0,5.0,
9342,2307010005,e_e003663,4,쉐라톤 그랜드 인천 호텔,2023-07-01,2023-07-02,인천 연수구 컨벤시아대로 153,인천 연수구 송도동 6-9,126.6452838,37.3903549,,,POI01000TR014442V,쉐라톤그랜드 인천호텔,180.0,24,Y,11.0,1.0,5.0,5.0,5.0,
9346,2307020004,e_e003663,8,쉐라톤 그랜드 인천 호텔,2023-07-02,2023-07-02,인천 연수구 컨벤시아대로 153,인천 연수구 송도동 6-9,126.6452838,37.3903549,,,POI01000TR014442V,쉐라톤그랜드 인천호텔,60.0,24,Y,11.0,1.0,5.0,5.0,5.0,
9378,2307080007,e_e003673,7,소도 호텔,2023-07-08,2023-07-09,경기 파주시 원앙길 8-8,경기 파주시 금촌동 45-19,126.7753104,37.7644763,,,POI01000TR027885V,소도호텔,120.0,24,N,1.0,1.0,5.0,5.0,5.0,
9450,2307070006,e_e003700,6,아마존 게스트하우스,2023-07-07,2023-07-08,서울 용산구 녹사평대로26가길 25,서울 용산구 이태원동 79-59,126.9930442,37.5327087,,,POI02000TR004484V,아마존게스트하우스,30.0,24,N,8.0,7.0,4.0,4.0,4.0,
9454,2307080004,e_e003700,10,아마존 게스트하우스,2023-07-08,2023-07-08,서울 용산구 녹사평대로26가길 25,서울 용산구 이태원동 79-59,126.9930442,37.5327087,,,POI02000TR004486V,아마존게스트하우스,420.0,24,Y,8.0,7.0,4.0,4.0,4.0,
9486,2306220005,e_e003716,7,크리스 하우스,2023-06-22,2023-06-23,경기 가평군 가평읍 북한강변로 360-91,,,,,,,,180.0,24,N,2.0,3.0,4.0,4.0,4.0,4182025000.0
9506,2306290003,e_e003724,3,파라 스파라 서울,2023-06-29,2023-06-29,서울 강북구 삼양로 689,서울 강북구 우이동 346,127.0076833,37.6648922,,,POI01000000E4KYZV,파라스파라서울,30.0,24,N,1.0,1.0,4.0,2.0,4.0,
9509,2306290006,e_e003724,7,파라 스파라 서울,2023-06-29,2023-06-30,서울 강북구 삼양로 689,서울 강북구 우이동 346,127.0076833,37.6648922,,,POI01000000E4KYZV,파라스파라서울,150.0,24,N,2.0,1.0,4.0,3.0,4.0,
9529,2307080003,e_e003727,5,호텔루엠 안성점,2023-07-08,2023-07-09,경기 안성시 중앙1길 15,경기 안성시 대천동 35-4,127.2711357,37.0077995,,,POI02000TR003686V,호텔루엠 안성점,120.0,24,N,2.0,2.0,3.0,4.0,4.0,
9574,2306240006,e_e003749,4,노매드 호텔,2023-06-24,2023-06-24,경기 안성시 보개면 보개원삼로 492,경기 안성시 보개면 기좌리 43-3,127.2938057,37.0460043,,,POI01000TR019314V,노마드호텔,60.0,24,N,2.0,1.0,5.0,5.0,5.0,
9575,2306240007,e_e003749,6,노매드 호텔,2023-06-24,2023-06-25,경기 안성시 보개면 보개원삼로 492,경기 안성시 보개면 기좌리 43-3,127.2938057,37.0460043,,,POI01000TR019314V,노마드호텔,120.0,24,N,2.0,1.0,5.0,5.0,5.0,
9593,2306240009,e_e003758,9,호텔 맥,2023-06-24,2023-06-25,서울 서대문구 연세로2길 46,서울 서대문구 창천동 20-40,126.9394096,37.5563671,,,POI02000TR002930V,호텔맥,120.0,24,N,6.0,2.0,4.0,4.0,4.0,
9610,2307060011,e_e003765,4,Q 호텔,2023-07-06,2023-07-07,경기 용인시 처인구 포곡읍 전대로110번길 10-3,,,,,,,,90.0,24,N,6.0,2.0,3.0,1.0,1.0,4146125000.0
9624,2307050007,e_e003773,3,노블 글램핑,2023-07-05,2023-07-06,경기 포천시 군내면 청군로 2800,,,,,,,,450.0,24,N,5.0,5.0,5.0,5.0,5.0,4148025022.0
9636,2307080002,e_e003777,6,서머셋팰리스,2023-07-08,2023-07-09,서울 종로구 율곡로2길 7,,,,,,,,180.0,24,N,6.0,1.0,4.0,3.0,3.0,4729011700.0
9655,2307080007,e_e003781,6,호텔 마루,2023-07-08,2023-07-09,경기 이천시 영창로227번길 9,경기 이천시 창전동 457-14,127.4477974,37.2812738,,,POI02000TR003298V,호텔마루,180.0,24,N,2.0,2.0,5.0,5.0,5.0,
9659,2306240002,e_e003783,5,포 포인츠 바이 쉐라톤 수원 호텔,2023-06-24,2023-06-25,경기 수원시 팔달구 효원로307번길 27,,,,,,,,120.0,24,N,2.0,1.0,5.0,5.0,5.0,4139013200.0
9661,2306240004,e_e003783,3,포 포인츠 바이 쉐라톤 수원 호텔,2023-06-24,2023-06-24,경기 수원시 팔달구 효원로307번길 27,경기 수원시 팔달구 인계동 1122-8,127.0355898,37.2622132,,,POI01000000ALX3LC,FPBS수원호텔,1320.0,24,N,2.0,1.0,5.0,5.0,5.0,
9687,2307010007,e_e003792,7,궁 호텔,2023-07-01,2023-07-02,경기 시흥시 평안상가1길 27,경기 시흥시 정왕동 1783-7,126.7465642,37.3370576,,,POI01000000BMD9P4,덕수궁호텔입구,180.0,24,N,8.0,2.0,2.0,1.0,1.0,
9733,2306250007,e_e003808,7,글래드,2023-06-25,2023-06-25,서울 영등포구 의사당대로 16,서울 영등포구 여의도동 17-5,126.9172764,37.5273992,,,POI01000TR035069V,글래드 여의도,120.0,24,N,6.0,1.0,5.0,5.0,5.0,
9735,2306250009,e_e003808,9,글래드,2023-06-25,2023-06-26,서울 영등포구 의사당대로 16,서울 영등포구 여의도동 17-5,126.9172764,37.5273992,,,POI01000TR035069V,글래드 여의도,150.0,24,Y,6.0,1.0,4.0,5.0,5.0,
9766,2306230004,e_e003819,4,라마다 용인 호텔,2023-06-23,2023-06-23,경기 용인시 처인구 포곡읍 마성로 420,경기 용인시 처인구 포곡읍 전대리 356-6,127.216603,37.2865936,,,POI01000000DRLKSX,라마다용인호텔,180.0,24,N,7.0,1.0,5.0,5.0,5.0,
9768,2306230006,e_e003819,6,라마다 용인 호텔,2023-06-23,2023-06-24,경기 용인시 처인구 포곡읍 마성로 420,경기 용인시 처인구 포곡읍 전대리 356-6,127.216603,37.2865936,,,POI01000000DRLKSX,라마다용인호텔,1380.0,24,N,6.0,1.0,5.0,5.0,5.0,
9771,2306240003,e_e003819,8,라마다 용인 호텔,2023-06-24,2023-06-24,경기 용인시 처인구 포곡읍 마성로 420,경기 용인시 처인구 포곡읍 전대리 356-6,127.216603,37.2865936,,,POI01000000DRLKSX,라마다용인호텔,540.0,24,N,7.0,1.0,5.0,5.0,5.0,
9781,2306270009,e_e003821,9,테이크 호텔,2023-06-27,2023-06-27,경기 광명시 신기로 22,경기 광명시 일직동 512-3,126.8832251,37.4191384,,,POI01000TR024948V,테이크호텔,390.0,24,N,6.0,1.0,4.0,4.0,4.0,
9823,2306300003,e_e003840,3,케이힐 스더 테라스,2023-06-30,2023-06-30,경기 파주시 심학산로 628,경기 파주시 야당동 1079,126.7614994,37.7164772,,,POI01000TR029572V,케이힐스더테라스,930.0,24,N,7.0,4.0,3.0,2.0,3.0,
9825,2306300005,e_e003840,5,케이힐스 더 테라스,2023-06-30,2023-07-01,경기 파주시 심학산로 628,경기 파주시 야당동 1079,126.7614994,37.7164772,,,POI01000TR029572V,케이힐스더테라스,120.0,24,N,6.0,4.0,3.0,2.0,3.0,
9848,2307070003,e_e003845,3,소피텔앰배서더,2023-07-07,2023-07-07,서울 송파구 잠실로 209,서울 송파구 신천동 29-1,127.1061654,37.5137861,,,POI01000TR009804V,소피텔 앰배서더 서울,0.0,24,N,5.0,1.0,5.0,5.0,5.0,
9850,2307070005,e_e003845,5,소피텔앰배서더,2023-07-07,2023-07-07,서울 송파구 잠실로 209,서울 송파구 신천동 29-1,127.1061654,37.5137861,,,POI01000TR009804V,소피텔 앰배서더 서울,120.0,24,Y,2.0,1.0,4.0,4.0,3.0,
9853,2307070008,e_e003845,8,소피텔앰배서더,2023-07-07,2023-07-08,서울 송파구 잠실로 209,서울 송파구 신천동 29-1,127.1061654,37.5137861,,,POI01000TR009804V,소피텔 앰배서더 서울,90.0,24,Y,2.0,1.0,4.0,4.0,4.0,
9870,2307010003,e_e003850,3,나인 트리 프리미어 호텔 서울 판교,2023-07-01,2023-07-02,경기 성남시 수정구 창업로 18,경기 성남시 수정구 시흥동 288-11,127.0983333,37.4134031,,,POI01000000B6HVWL,고향카츠 판교테크노밸리점,270.0,24,N,1.0,1.0,3.0,2.0,2.0,
9940,2306240002,e_e003870,5,곤지암리조트,2023-06-24,2023-06-25,경기 광주시 도척면 도척윗로 278,경기 광주시 도척면 도웅리 534,127.2940917,37.3379816,,,POI01000TR001676V,곤지암리조트,360.0,24,N,1.0,4.0,4.0,4.0,4.0,
9952,2307070002,e_e003885,2,에버던 호텔,2023-07-07,2023-07-07,경기 안양시 만안구 안양로 285-1,경기 안양시 만안구 안양동 676-115,126.9217445,37.397744,,,POI01000000ATN43T,에버덴,90.0,24,N,8.0,2.0,3.0,2.0,3.0,
9954,2307070004,e_e003885,4,에버던 호텔,2023-07-07,2023-07-08,경기 안양시 만안구 안양로 285-1,경기 안양시 만안구 안양동 676-115,126.9217445,37.397744,,,POI01000000ATN43T,에버덴,300.0,24,N,8.0,2.0,3.0,2.0,3.0,
9962,2307030005,e_e003886,5,레이키푸이스토 키즈리조트,2023-07-03,2023-07-04,경기 가평군 상면 수목원로386번길 14-11,경기 가평군 상면 행현리 644,127.3510295,37.7483324,,,POI02000TR002449V,레이키푸이스토 키즈리조트,570.0,24,N,2.0,4.0,4.0,4.0,4.0,
9964,2307040002,e_e003886,7,레이키푸이스토 키즈리조트,2023-07-04,2023-07-04,경기 가평군 상면 수목원로386번길 14-11,경기 가평군 상면 행현리 644,127.3510295,37.7483324,,,POI02000TR002450V,레이키푸이스토 키즈리조트,30.0,24,Y,11.0,4.0,4.0,4.0,4.0,
9974,2307010003,e_e003891,3,호텔 신북온천,2023-07-01,2023-07-01,경기 포천시 신북면 청신로 585,경기 포천시 신북면 덕둔리 625-4,127.1022752,37.9728015,,,POI010000006CCGNT,호텔신북온천,930.0,24,N,8.0,1.0,4.0,4.0,4.0,
9975,2307010008,e_e003891,4,호텔 신북온천,2023-07-01,2023-07-02,경기 포천시 신북면 청신로 585,,,,,,,,330.0,24,N,8.0,1.0,4.0,4.0,4.0,1144010400.0
9986,2306240007,e_e003892,7,림 호텔,2023-06-24,2023-06-25,서울 서대문구 연세로4길 16,서울 서대문구 창천동 29-26,126.9380284,37.5569467,,,POI02000TR002705V,림호텔,1440.0,24,N,8.0,2.0,1.0,1.0,1.0,
10000,2306250002,e_e003896,4,골든 튤립에버 용인 호텔,2023-06-25,2023-06-26,경기 용인시 처인구 포곡읍 전대로78번길 19-2,경기 용인시 처인구 포곡읍 전대리 356-1,127.2167441,37.2870583,,,POI01000TR029244V,골든튤립에버 용인호텔,180.0,24,N,6.0,1.0,5.0,5.0,5.0,
10046,2307020002,e_e003928,4,메이필드호텔,2023-07-02,2023-07-03,서울 강서구 방화대로 94,서울 강서구 외발산동 426,126.8190967,37.5471377,,,POI01000TR013152V,메이필드호텔 서울,270.0,24,N,8.0,1.0,5.0,5.0,5.0,
10083,2307080010,e_e003945,12,미즈 호텔,2023-07-08,2023-07-09,경기 파주시 탄현면 성동로 20-37,경기 파주시 탄현면 성동리 679-2,126.6870578,37.7768524,,,POI01000TR024785V,미즈호텔,120.0,24,N,8.0,1.0,4.0,5.0,5.0,
10100,2307060002,e_e003958,2,호텔 파크 하비오,2023-07-06,2023-07-06,서울 송파구 송파대로 111,서울 송파구 문정동 618,127.1235091,37.4818241,,,POI01000000C0WBO3,메가박스 송파파크하비오,30.0,24,Y,4.0,1.0,5.0,5.0,5.0,
10103,2307060005,e_e003958,5,호텔 파크 하비오,2023-07-06,2023-07-07,서울 송파구 송파대로 111,서울 송파구 문정동 618,127.1235091,37.4818241,,,POI01000000C0WBO3,메가박스 송파파크하비오,30.0,24,Y,4.0,1.0,5.0,5.0,5.0,
10107,2306240002,e_e003963,6,화이트 호텔,2023-06-24,2023-06-25,경기 수원시 장안구 팔달로271번길 9,경기 수원시 장안구 영화동 282-1,127.0141238,37.2898112,,,POI010000006N01QG,화이트호텔,180.0,24,N,8.0,2.0,3.0,4.0,4.0,
10139,2307070010,e_e003968,10,블릭스 호텔,2023-07-07,2023-07-08,경기 수원시 팔달구 효원로291번길 25,경기 수원시 팔달구 인계동 1123-16,127.0339328,37.2625705,,,POI01000000DBCS9X,블릭스호텔,30.0,24,N,7.0,1.0,5.0,5.0,5.0,
10167,2307030004,e_e003980,4,국립중미산자연휴양림,2023-07-03,2023-07-04,경기 양평군 옥천면 중미산로 1152,경기 양평군 옥천면 신복리 64,127.4568201,37.583517,,,POI01000000BYKBPP,국립중미산자연휴양림,330.0,24,N,1.0,9.0,4.0,3.0,3.0,
10213,2307030006,e_e003999,5,론스타 호텔,2023-07-03,2023-07-03,서울 도봉구 마들로11길 37,서울 도봉구 창동 14-1,127.051199,37.6537335,,,POI010000006LB0XV,론스타호텔,60.0,24,N,6.0,1.0,5.0,5.0,5.0,
10220,2307080007,e_e004005,7,몬드리안,2023-07-08,2023-07-08,서울 용산구 장문로 23,서울 용산구 이태원동 22-76,126.993108,37.5285641,,,POI01000TR101792V,몬드리안 서울 이태원,90.0,24,N,2.0,1.0,5.0,5.0,5.0,
10223,2307080011,e_e004005,10,몬드리안,2023-07-08,2023-07-09,서울 용산구 장문로 23,서울 용산구 이태원동 22-76,126.993108,37.5285641,,,POI01000TR101792V,몬드리안 서울 이태원,180.0,24,N,1.0,1.0,5.0,5.0,5.0,
10243,2306280003,e_e004017,4,파인벨리 글램핑 3호점,2023-06-28,2023-06-29,경기 포천시 화현면 봉화로 315-108,경기 포천시 화현면 명덕리 193-11,127.2746045,37.8752871,,,POI02000TR002214V,파인벨리 글램핑 3호점,390.0,24,N,2.0,5.0,5.0,5.0,5.0,
10250,2307060004,e_e004020,4,더블트리 바이 힐튼 서울 판교,2023-07-06,2023-07-07,경기 성남시 분당구 백현로 26,경기 성남시 분당구 정자동 3-2,127.104058,37.3806587,,,POI02000TR003322V,더블트리 바이 힐튼 서울 판교,90.0,24,N,7.0,1.0,5.0,5.0,5.0,
10292,2307050010,e_e004042,11,호텔 월,2023-07-05,2023-07-06,경기 안양시 동안구 인덕원로30번길 89,경기 안양시 동안구 관양동 1504-11,126.9761318,37.3988135,,,POI010000006IYRS1,월호텔,180.0,24,N,8.0,2.0,4.0,2.0,3.0,
10304,2306280009,e_e004044,9,스포렉스,2023-06-28,2023-06-29,서울 중구 장충단로 247,서울 중구 을지로6가 18-21,127.0073574,37.5668025,,,POI010000007YQ13V,굿모닝시티스파렉스,180.0,24,N,2.0,11.0,3.0,3.0,3.0,
10311,2307010002,e_e004048,7,한화리조트 용인 베잔송,2023-07-01,2023-07-02,경기 용인시 처인구 남사읍 봉무로153번길 79,경기 용인시 처인구 남사읍 봉무리 257-1,127.1441266,37.1316613,,,POI01000000AMGCVF,째깍섬 한화용인센터,810.0,24,N,8.0,4.0,4.0,3.0,3.0,
10315,2307010006,e_e004048,5,대궐 숯불장어촌,2023-07-01,2023-07-01,장지남길3번길6-2,,,,,,,,120.0,11,N,5.0,4.0,5.0,5.0,5.0,4159013600.0
10354,2307070006,e_e004062,6,인더시티 비즈니스호텔,2023-07-07,2023-07-07,서울 강남구 테헤란로37길 13-8,서울 강남구 역삼동 677-8,127.0399765,37.5030123,,,POI02000TR003333V,인더시티비즈니스호텔,60.0,24,N,8.0,1.0,5.0,5.0,5.0,
10356,2307070008,e_e004062,8,인더시티 비즈니스호텔,2023-07-07,2023-07-08,서울 강남구 테헤란로37길 13-8,서울 강남구 역삼동 677-8,127.0399765,37.5030123,,,POI02000TR003334V,인더시티비즈니스호텔,270.0,24,Y,8.0,1.0,5.0,5.0,5.0,
10372,2306300002,e_e004071,2,을지로 코업레지던스,2023-06-30,2023-06-30,서울 중구 을지로 246,서울 중구 을지로6가 32,127.0054014,37.5661791,,,POI010000006LNONL,을지로코업레지던스,120.0,24,N,2.0,1.0,3.0,3.0,3.0,
10379,2306300009,e_e004071,9,을지로 코업레지던스,2023-06-30,2023-07-01,서울 중구 을지로 246,서울 중구 을지로6가 32,127.0054014,37.5661791,,,POI010000006LNONL,을지로코업레지던스,60.0,24,N,2.0,1.0,3.0,3.0,3.0,
10397,2306300008,e_e004073,5,그라티아이 글램핑,2023-06-30,2023-07-01,경기 가평군 가평읍 태봉두밀로 421-24,경기 가평군 가평읍 두밀리 216,127.4547533,37.8152486,,,POI02000TR002261V,그라티아글램핑,510.0,24,N,2.0,5.0,5.0,5.0,5.0,
10421,2307020004,e_e004076,3,파라스파라 서울,2023-07-02,2023-07-03,서울 강북구 삼양로 689,서울 강북구 우이동 346,127.0076833,37.6648922,,,POI01000000E4KYZV,파라스파라서울,630.0,24,N,11.0,1.0,2.0,1.0,2.0,
10446,2307070004,e_e004100,4,라고 호텔,2023-07-07,2023-07-08,경기 용인시 기흥구 신정로237번길 5-5,경기 용인시 기흥구 신갈동 536-5,127.0969707,37.2885649,,,POI01000000ALXH6B,라고호텔,60.0,24,N,2.0,1.0,5.0,5.0,5.0,
10483,2307070006,e_e004122,5,남한강 선밸리 호텔,2023-07-07,2023-07-08,경기 여주시 강변유원지길 45,경기 여주시 연양동 414,127.6611084,37.2931881,,,POI01000TR030046V,남한강썬밸리호텔,180.0,24,N,6.0,1.0,4.0,3.0,4.0,
10505,2307010004,e_e004141,4,파로스 관광호텔,2023-07-01,2023-07-01,서울 송파구 올림픽로10길 5,서울 송파구 잠실동 180,127.0811662,37.5110597,,,POI01000000BI0V6Q,파로스관광호텔,60.0,24,N,2.0,1.0,5.0,5.0,5.0,
10507,2307010006,e_e004141,6,파로스 관광호텔,2023-07-01,2023-07-01,서울 송파구 올림픽로10길 5,서울 송파구 잠실동 180,127.0811662,37.5110597,,,POI01000000BI0V6Q,파로스관광호텔,690.0,24,N,7.0,1.0,5.0,5.0,5.0,
10508,2307010009,e_e004141,7,파로스 관광호텔,2023-07-01,2023-07-02,서울 송파구 올림픽로10길 5,,,,,,,,30.0,24,N,2.0,1.0,5.0,5.0,5.0,3017010400.0
10514,2307160005,e_e004142,3,자일 랜드 글램핑,2023-07-16,2023-07-17,경기 포천시 영북면 호국로4350번길 154-187,경기 포천시 영북면 자일리 7-1,127.3096558,38.1056376,,,POI02001TR024772V,자일랜드글램핑,600.0,24,N,8.0,5.0,4.0,5.0,5.0,
10527,2307220011,e_e004146,10,에버던 호텔,2023-07-22,2023-07-23,경기 안양시 만안구 안양로 285-1,경기 안양시 만안구 안양동 676-115,,,,,,,240.0,24,N,2.0,1.0,5.0,5.0,5.0,
10538,2307110008,e_e004148,7,반디 호텔,2023-07-11,2023-07-12,경기 파주시 지목로 57,경기 파주시 신촌동 70-9,126.6974521,37.7263571,,,POI02000TR004080V,반디호텔,240.0,24,N,6.0,2.0,4.0,4.0,3.0,
10545,2307160002,e_e004149,5,콘래드,2023-07-16,2023-07-16,서울 영등포구 국제금융로 10,서울 영등포구 여의도동 23-1,126.9267428,37.5254277,,,POI01000TR003867V,콘래드 서울,120.0,24,N,2.0,1.0,5.0,5.0,5.0,
10547,2307160004,e_e004149,7,콘래드,2023-07-16,2023-07-17,서울 영등포구 국제금융로 10,,,,,,,,300.0,24,N,2.0,1.0,5.0,5.0,5.0,4117310100.0
10577,2306290007,e_e004162,7,호텔아비숑,2023-06-29,2023-06-29,서울 종로구 율곡로6길 19,서울 종로구 운니동 37-2,126.9896214,37.5764537,,,POI02000TR002274V,호텔아비숑,90.0,24,N,8.0,1.0,4.0,4.0,4.0,
10579,2306290009,e_e004162,9,호텔아비숑,2023-06-29,2023-06-30,서울 종로구 율곡로6길 19,서울 종로구 운니동 37-2,126.9896214,37.5764537,,,POI02000TR002275V,호텔아비숑,360.0,24,N,8.0,1.0,4.0,4.0,4.0,
10612,2307080005,e_e004172,5,스위스그랜드호텔 서울,2023-07-08,2023-07-09,서울 서대문구 연희로 353,서울 서대문구 홍은동 201-1,126.934166,37.5888281,,,POI02000TR003693V,스위스그랜드호텔 서울,510.0,24,N,3.0,1.0,3.0,2.0,3.0,
10621,2306300003,e_e004173,3,평택 헤르메스 호텔,2023-06-30,2023-06-30,경기 평택시 포승읍 도곡길 774-19,,,,,,,,720.0,24,N,8.0,1.0,5.0,5.0,5.0,4122025622.0
10622,2306300004,e_e004173,4,평택 헤르메스 호텔,2023-06-30,2023-07-01,경기 평택시 포승읍 도곡길 774-19,,,,,,,,120.0,24,N,8.0,1.0,5.0,5.0,5.0,4122025622.0
10673,2306290003,e_e004207,4,트라움 풀빌라 글램핑 카라반,2023-06-29,2023-06-30,,경기 가평군 상면 임초리 92-2,127.3779448,37.7695308,,,POI02000TR002230V,트라움 풀빌라글램핑&카라반,540.0,24,N,2.0,5.0,5.0,4.0,5.0,
10691,2306300008,e_e004219,8,나인 트리 프리미어 호텔 인사동,2023-06-30,2023-06-30,서울 종로구 인사동길 49,서울 종로구 관훈동 155-2,126.9835789,37.5744835,,,POI01000TR100509V,나인트리프리미어호텔 인사동,30.0,24,N,1.0,1.0,5.0,5.0,5.0,
10694,2306300012,e_e004219,11,나인 트리 프리미어 호텔 인사동,2023-06-30,2023-07-01,서울 종로구 인사동길 49,서울 종로구 관훈동 155-2,126.9835789,37.5744835,,,POI01000TR100509V,나인트리프리미어호텔 인사동,120.0,24,N,8.0,1.0,5.0,5.0,5.0,
10736,2307010002,e_e004234,6,폴로 관광호텔,2023-07-01,2023-07-02,인천 남동구 앵고개로934번길 30,,,,,,,,30.0,24,N,7.0,1.0,5.0,4.0,4.0,2820010200.0
10738,2307010004,e_e004234,3,폴로 관광호텔,2023-07-01,2023-07-01,인천 남동구 앵고개로934번길 30,인천 남동구 논현동 677-3,126.7352359,37.4009478,,,POI01000000D8SKSL,폴로관광호텔,180.0,24,N,7.0,1.0,4.0,4.0,4.0,
10751,2307010004,e_e004238,4,호텔 마리아,2023-07-01,2023-07-02,경기 안성시 공도읍 하마정길 16-5,경기 안성시 공도읍 마정리 112-23,127.2029804,37.0162022,,,POI02000TR002719V,호텔마리아,180.0,24,N,2.0,1.0,5.0,5.0,5.0,
10776,2307010003,e_e004243,3,이비스 앰배서더호텔 인사동,2023-07-01,2023-07-01,서울 종로구 삼일대로30길 31,,,,,,,,60.0,24,N,5.0,1.0,5.0,5.0,5.0,1111013300.0
10779,2307010009,e_e004243,10,이비스 앰배서더호텔 인사동,2023-07-01,2023-07-02,서울 종로구 삼일대로30길 31,,,,,,,,1410.0,24,Y,5.0,1.0,5.0,5.0,5.0,1111013300.0
10799,2307020002,e_e004247,2,호텔베뉴지,2023-07-02,2023-07-02,서울 종로구 청계천로 117,서울 종로구 관수동 124,126.9907453,37.5686115,,,POI010000006GKC7L,호텔베뉴지,30.0,24,N,8.0,1.0,4.0,4.0,4.0,
10808,2307020011,e_e004247,11,호텔베뉴지,2023-07-02,2023-07-03,서울 종로구 청계천로 117,서울 종로구 관수동 124,126.9907453,37.5686115,,,POI010000006GKC7L,호텔베뉴지,30.0,24,N,8.0,1.0,4.0,4.0,4.0,
10825,2306300004,e_e004254,4,서울 드래건 시티,2023-06-30,2023-07-01,서울 용산구 청파로20길 95,서울 용산구 한강로3가 40-969,126.9627641,37.5318165,,,POI01000TR020247V,서울드래곤시티,210.0,24,N,1.0,1.0,4.0,5.0,5.0,
10830,2306270002,e_e004256,6,오포짓스탠다드,2023-06-27,2023-06-28,서울 은평구 서오릉로 17,서울 은평구 녹번동 155-40,126.925752,37.6027866,,,POI02000TR002951V,오포짓스탠다드,120.0,24,N,7.0,2.0,5.0,5.0,4.0,
10832,2306270004,e_e004256,3,오포짓스탠다드,2023-06-27,2023-06-27,서울 은평구 서오릉로 17,서울 은평구 녹번동 155-40,126.925752,37.6027866,,,POI02000TR002952V,오포짓스탠다드,30.0,24,N,7.0,2.0,5.0,5.0,4.0,
10839,2307020003,e_e004268,3,서울 북한산 카라반,2023-07-02,2023-07-02,서울 은평구 북한산로 242,,,,,,,,30.0,24,N,5.0,5.0,4.0,5.0,5.0,1138011400.0
10841,2307020005,e_e004268,5,서울 북한산 카라반,2023-07-02,2023-07-03,서울 은평구 북한산로 242,,,,,,,,270.0,24,N,5.0,5.0,5.0,5.0,5.0,1138011400.0
10929,2307070002,e_e004313,2,하람 게스트하우스,2023-07-07,2023-07-07,화정동 952 별빛마을 8단지,,,,,,,,30.0,24,N,8.0,7.0,4.0,4.0,4.0,4128112300.0
10933,2307070006,e_e004313,6,하람 게스트하우스,2023-07-07,2023-07-08,화신로284,,,,,,,,90.0,24,N,8.0,7.0,4.0,3.0,4.0,4128112300.0
10994,2306300010,e_e004334,10,롯데시티 호텔 마포,2023-06-30,2023-06-30,서울 마포구 마포대로 109,서울 마포구 공덕동 467,126.9504282,37.5445917,,,POI01000000BFXL7B,롯데시티호텔 마포,660.0,24,N,5.0,1.0,5.0,5.0,5.0,
10995,2306300013,e_e004334,11,롯데시티 호텔 마포,2023-06-30,2023-07-01,서울 마포구 마포대로 109,,,,,,,,30.0,24,N,5.0,1.0,5.0,5.0,5.0,1144010200.0
10997,2307010002,e_e004334,12,롯데시티 호텔 마포,2023-07-01,2023-07-01,서울 마포구 마포대로 109,서울 마포구 공덕동 467,126.9504282,37.5445917,,,POI01000000BFXL7B,롯데시티호텔 마포,660.0,24,N,5.0,1.0,5.0,4.0,4.0,
11022,2307170005,e_e004341,5,몬드리안,2023-07-17,2023-07-17,서울 용산구 장문로 23,서울 용산구 이태원동 22-76,,,,,,,1320.0,24,N,1.0,1.0,5.0,4.0,4.0,
11024,2307170012,e_e004341,7,몬드리안,2023-07-17,2023-07-18,서울 용산구 장문로 23,,,,,,,,150.0,24,N,1.0,1.0,5.0,4.0,4.0,4159025939.0
11036,2307030006,e_e004342,6,포스터 호텔,2023-07-03,2023-07-03,경기 부천시 석천로531번길 43,경기 부천시 삼정동 376-2,126.7635228,37.5323172,,,POI02000TR002477V,포스타호텔,30.0,24,N,8.0,1.0,5.0,5.0,5.0,
11041,2307030011,e_e004342,11,포스터 호텔,2023-07-03,2023-07-04,경기 부천시 석천로531번길 43,경기 부천시 삼정동 376-2,126.7635228,37.5323172,,,POI02000TR002478V,포스타호텔,60.0,24,Y,7.0,1.0,5.0,5.0,5.0,
11067,2307280005,e_e004349,5,나인 트리 프리미어 로카우스 호텔 서울 용산,2023-07-28,2023-07-28,서울 용산구 한강대로23길 25,서울 용산구 한강로3가 40-1050,126.9643863,37.5274741,,,POI02000TR004849V,나인트리 프리미어 로카우스 호텔 서울 용산,120.0,24,Y,4.0,1.0,5.0,5.0,5.0,
11071,2307280009,e_e004349,9,나인 트리 프리미어 로카우스 호텔 서울 용산,2023-07-28,2023-07-29,서울 용산구 한강대로23길 25,서울 용산구 한강로3가 40-1050,126.9643863,37.5274741,,,POI02000TR004852V,나인트리 프리미어 로카우스 호텔 서울 용산,60.0,24,Y,4.0,1.0,5.0,5.0,5.0,
11105,2307030004,e_e004369,4,올라 카이 송도파크호텔,2023-07-03,2023-07-03,인천 연수구 테크노파크로 151,인천 연수구 송도동 93-1,126.6407978,37.388124,,,POI010000006EGLBS,오라카이 송도파크호텔,90.0,24,N,2.0,1.0,5.0,5.0,5.0,
11108,2307030011,e_e004369,7,올라 카이 송도파크호텔,2023-07-03,2023-07-04,인천 연수구 테크노파크로 151,,,,,,,,240.0,24,N,7.0,1.0,5.0,5.0,5.0,2818510600.0
11111,2307040003,e_e004369,9,올라 카이 송도파크호텔,2023-07-04,2023-07-04,인천 연수구 테크노파크로 151,인천 연수구 송도동 93-1,126.6407978,37.388124,,,POI010000006EGLBS,오라카이 송도파크호텔,30.0,24,Y,2.0,1.0,5.0,5.0,5.0,
11143,2306300008,e_e004373,8,파크뷰 테라스,2023-06-30,2023-06-30,경기 파주시 소리천로 39,경기 파주시 야당동 1079-1,126.7620453,37.7163828,,,POI01000TR034584V,파크뷰테라스호텔,60.0,24,N,6.0,11.0,4.0,4.0,4.0,
11145,2306300010,e_e004373,10,파크뷰 테라스,2023-06-30,2023-07-01,경기 파주시 소리천로 39,경기 파주시 야당동 1079-1,126.7620453,37.7163828,,,POI01000TR034584V,파크뷰테라스호텔,60.0,24,N,6.0,11.0,4.0,4.0,4.0,
11190,2307210004,e_e004393,4,뉴에 호텔,2023-07-21,2023-07-21,경기 수원시 팔달구 효원로219번길 46-6,경기 수원시 팔달구 인계동 1026-1,,,,,,,0.0,24,Y,8.0,2.0,4.0,5.0,5.0,
11192,2307210007,e_e004393,6,뉴에 호텔,2023-07-21,2023-07-22,경기 수원시 팔달구 효원로219번길 46-6,경기 수원시 팔달구 인계동 1026-1,,,,,,,60.0,24,Y,6.0,2.0,4.0,5.0,5.0,
11211,2307150006,e_e004396,5,가평 프리미엄 키즈 풀빌라,2023-07-15,2023-07-16,경기 가평군 조종면 현등사길 55-233,경기 가평군 조종면 운악리 418-59,127.3452872,37.8605796,,,POI01000TR036911V,가평프리미엄키즈풀빌라,540.0,24,N,1.0,3.0,5.0,5.0,5.0,
11244,2307220006,e_e004416,7,크리스 월드,2023-07-22,2023-07-23,경기 가평군 가평읍 북한강변로 360-91,경기 가평군 가평읍 금대리 49-4,,,,,,,330.0,24,N,2.0,3.0,1.0,1.0,1.0,
11251,2307220004,e_e004417,4,라이브러리 스테이 지지향,2023-07-22,2023-07-23,경기 파주시 회동길 145,경기 파주시 문발동 524-3,,,,,,,300.0,24,N,10.0,7.0,5.0,5.0,5.0,
11256,2307270002,e_e004421,2,미다스 호텔 리조트,2023-07-27,2023-07-28,경기 가평군 청평면 북한강로 2245,경기 가평군 청평면 삼회리 74-1,127.4031945,37.7138531,,,POI01000TR011460V,마이다스호텔&리조트,570.0,24,N,5.0,1.0,5.0,5.0,5.0,
11260,2307140007,e_e004422,2,축령산 자연휴양림,2023-07-14,2023-07-15,경기 남양주시 수동면 축령산로 299,,,,,,,,450.0,24,Y,4.0,9.0,5.0,5.0,5.0,4136034000.0
11305,2307090004,e_e004449,4,가평 라무 키즈 글램핑,2023-07-09,2023-07-09,경기 가평군 북면 가화로 2372-42,경기 가평군 북면 도대리 324-9,127.4781457,37.9544502,,,POI01000000B1RRXN,라부글램핑,120.0,24,N,2.0,5.0,4.0,3.0,4.0,
11306,2307090005,e_e004449,5,가평 라무 키즈 글램핑,2023-07-09,2023-07-10,경기 가평군 북면 가화로 2372-42,경기 가평군 북면 도대리 324-9,127.4781457,37.9544502,,,POI01000000B1RRXN,라부글램핑,360.0,24,N,2.0,5.0,4.0,3.0,4.0,
11343,2307010002,e_e004463,14,북수원 스파 플렉스,2023-07-01,2023-07-02,,,,,,,,,210.0,24,N,1.0,11.0,4.0,5.0,4.0,4111113200.0
11379,2307170010,e_e004464,10,호텔 더캐슬 1호점,2023-07-17,2023-07-18,서울 송파구 올림픽로32길 7,서울 송파구 방이동 36-16,,,,,,,240.0,24,N,6.0,1.0,5.0,5.0,5.0,
11392,2307020005,e_e004466,5,호텔 더 디자이너스 서울역점,2023-07-02,2023-07-02,서울 용산구 한강대로 305,서울 용산구 갈월동 69-27,126.9715769,37.545552,,,POI01000TR018886V,호텔더디자이너스 서울역점,30.0,24,N,6.0,1.0,5.0,4.0,4.0,
11398,2307020011,e_e004466,11,호텔 더 디자이너스 서울역점,2023-07-02,2023-07-03,서울 용산구 한강대로 305,서울 용산구 갈월동 69-27,126.9715769,37.545552,,,POI01000TR018886V,호텔더디자이너스 서울역점,120.0,24,N,6.0,1.0,5.0,4.0,4.0,
11419,2307150003,e_e004473,3,골든 튤립에버 용인 호텔,2023-07-15,2023-07-16,경기 용인시 처인구 포곡읍 전대로78번길 19-2,경기 용인시 처인구 포곡읍 전대리 356-1,127.2167441,37.2870583,,,POI01000TR029244V,골든튤립에버 용인호텔,180.0,24,N,6.0,1.0,3.0,2.0,3.0,
11496,2308050004,e_e004506,4,라퓨타리조트,2023-08-05,2023-08-05,경기 가평군 가평읍 북한강변로 576,경기 가평군 가평읍 금대리 309-7,127.5324862,37.7767063,,,POI01000TR023601V,라퓨타리조트,1440.0,24,N,2.0,4.0,3.0,3.0,3.0,
11498,2308050006,e_e004506,6,라퓨타리조트,2023-08-05,2023-08-06,경기 가평군 가평읍 북한강변로 576,경기 가평군 가평읍 금대리 309-7,127.5324862,37.7767063,,,POI01000TR023601V,라퓨타리조트,480.0,24,Y,11.0,4.0,3.0,3.0,3.0,
11508,2307290008,e_e004510,8,서머셋 센트럴 분당,2023-07-29,2023-07-30,경기 성남시 분당구 황새울로311번길 36,경기 성남시 분당구 서현동 261-1,,,,,,,210.0,24,Y,4.0,1.0,4.0,4.0,4.0,
11526,2307020008,e_e004515,6,호텔야자 구리 수택점,2023-07-02,2023-07-02,경기 구리시 안골로63번길 5,경기 구리시 수택동 378-10,127.1380771,37.5977341,,,POI010000006JLHJ6,호텔야자 구리수택점,240.0,24,Y,4.0,2.0,4.0,4.0,4.0,
11550,2307080009,e_e004548,9,한강 게스트하우스,2023-07-08,2023-07-08,서울 마포구 마포대로4길 120-39,서울 마포구 마포동 293-9,126.9453967,37.5360552,,,POI01000000DC7VSF,한강게스트하우스,210.0,24,Y,8.0,7.0,5.0,5.0,5.0,
11552,2307080011,e_e004548,11,한강 게스트하우스,2023-07-08,2023-07-09,서울 마포구 마포대로4길 120-39,서울 마포구 마포동 293-9,126.9453967,37.5360552,,,POI02000TR003697V,한강게스트하우스,1440.0,24,Y,4.0,7.0,5.0,5.0,5.0,
11560,2307220002,e_e004549,6,호텔 시에로,2023-07-22,2023-07-23,경기 시흥시 거북섬둘레길 5-7,경기 시흥시 정왕동 2706-11,126.675425,37.3254623,,,POI02000TR004705V,호텔시엘로,240.0,24,N,2.0,1.0,5.0,5.0,5.0,
11563,2307220005,e_e004549,4,호텔 시에로,2023-07-22,2023-07-22,경기 시흥시 거북섬둘레길 5-7,경기 시흥시 정왕동 2706-11,126.675425,37.3254623,,,POI02000TR004707V,호텔시엘로,1260.0,24,N,2.0,1.0,4.0,2.0,3.0,
11577,2307030009,e_e004551,9,호텔 캘리포니아,2023-07-03,2023-07-03,서울 강남구 선릉로100길 52,서울 강남구 삼성동 142-12,127.051449,37.5066632,,,POI010000006KLY5A,캘리포니아호텔,30.0,24,Y,4.0,1.0,5.0,5.0,5.0,
11579,2307030011,e_e004551,11,호텔 캘리포니아,2023-07-03,2023-07-04,서울 강남구 선릉로100길 52,서울 강남구 삼성동 142-12,127.051449,37.5066632,,,POI010000006KLY5A,캘리포니아호텔,240.0,24,Y,4.0,1.0,5.0,5.0,5.0,
11591,2307070002,e_e004552,5,또바기 스파 글램핑,2023-07-07,2023-07-08,경기 가평군 북면 멱골로 205-10,,,,,,,,480.0,24,N,7.0,3.0,4.0,4.0,4.0,2820010200.0
11615,2307260004,e_e004563,6,호텔 시에로,2023-07-26,2023-07-27,경기 시흥시 거북섬둘레길 5-7,경기 시흥시 정왕동 2706-11,126.675425,37.3254623,,,POI02000TR004710V,호텔시엘로,150.0,24,N,8.0,1.0,5.0,5.0,5.0,
11616,2307260005,e_e004563,4,호텔 시에로,2023-07-26,2023-07-26,경기 시흥시 거북섬둘레길 5-7,경기 시흥시 정왕동 2706-11,126.675425,37.3254623,,,POI02000TR004711V,호텔시엘로,60.0,24,N,8.0,1.0,5.0,5.0,5.0,
11635,2307040007,e_e004573,3,나무 호텔,2023-07-04,2023-07-05,서울 광진구 아차산로76가길 12,,,,,,,,450.0,24,N,2.0,1.0,5.0,5.0,5.0,2820010100.0
11677,2307040002,e_e004596,12,힐튼 가든인 서울 강남점,2023-07-04,2023-07-05,서울 서초구 강남대로 253,,,,,,,,540.0,24,N,2.0,1.0,5.0,5.0,5.0,1165010800.0
11840,2307280002,e_e004673,15,호텔 아트리움 종로,2023-07-28,2023-07-29,서울 종로구 창경궁로 106,서울 종로구 인의동 48-26,126.9981254,37.5718843,,,POI01000TR011577V,호텔아트리움 종로,360.0,24,N,2.0,1.0,4.0,5.0,4.0,
11850,2307280012,e_e004673,12,호텔 아트리움 종로,2023-07-28,2023-07-28,서울 종로구 창경궁로 106,서울 종로구 인의동 48-26,126.9981254,37.5718843,,,POI01000TR011577V,호텔아트리움 종로,60.0,24,N,2.0,1.0,4.0,5.0,5.0,
11857,2307290004,e_e004673,19,골든 서울 호텔,2023-07-29,2023-07-30,서울 강서구 공항대로 663,서울 강서구 염창동 260-7,126.8781518,37.5478946,,,POI01000000DOZYUO,골든서울호텔,270.0,24,N,2.0,1.0,4.0,5.0,5.0,
11873,2307090002,e_e004678,4,죠의아 독채 풀빌라,2023-07-09,2023-07-10,경기 가평군 가평읍 잎너비길 17-192,경기 가평군 가평읍 읍내리 75-2,127.5131453,37.8549404,,,POI01000000DCF4UY,죠이아,540.0,24,N,2.0,3.0,4.0,4.0,4.0,
11888,2307080009,e_e004681,8,레이크호텔,2023-07-08,2023-07-08,서울 송파구 석촌호수로 216,서울 송파구 석촌동 158,127.1009938,37.5068718,,,POI01000000AQODJG,레이크호텔,960.0,24,N,2.0,1.0,4.0,4.0,4.0,
11889,2307080010,e_e004681,9,레이크호텔,2023-07-08,2023-07-09,서울 송파구 석촌호수로 216,서울 송파구 석촌동 158,127.1009938,37.5068718,,,POI01000000AQODJG,레이크호텔,120.0,24,N,2.0,1.0,4.0,4.0,4.0,
11924,2308050006,e_e004695,5,호텔 자라,2023-08-05,2023-08-05,경기 가평군 가평읍 가화로 41-27,경기 가평군 가평읍 대곡리 198-2,127.5149244,37.8225347,,,POI01000000B5BWM5,호텔자라,60.0,24,N,8.0,1.0,4.0,4.0,4.0,
11926,2308050008,e_e004695,7,호텔 자라,2023-08-05,2023-08-06,경기 가평군 가평읍 가화로 41-27,경기 가평군 가평읍 대곡리 198-2,127.5149244,37.8225347,,,POI01000000B5BWM5,호텔자라,60.0,24,N,8.0,1.0,4.0,4.0,4.0,
11933,2307050004,e_e004703,4,노보텔 앰배서더 서울 동대문 호텔 레지던스,2023-07-05,2023-07-05,서울 중구 을지로 238,서울 중구 을지로6가 58-5,127.0045819,37.5663089,,,POI01000TR027765V,노보텔앰배서더 서울동대문호텔&레지던스,1440.0,24,N,7.0,1.0,5.0,5.0,5.0,
11938,2307050009,e_e004703,9,노보텔 앰배서더 서울 동대문 호텔 레지던스,2023-07-05,2023-07-05,서울 중구 을지로 238,서울 중구 을지로6가 58-5,127.0045819,37.5663089,,,POI01000TR027765V,노보텔앰배서더 서울동대문호텔&레지던스,60.0,24,N,7.0,1.0,5.0,5.0,5.0,
11940,2307050011,e_e004703,11,노보텔 앰배서더 서울 동대문 호텔 레지던스,2023-07-05,2023-07-06,서울 중구 을지로 238,서울 중구 을지로6가 58-5,127.0045819,37.5663089,,,POI01000TR027765V,노보텔앰배서더 서울동대문호텔&레지던스,90.0,24,Y,7.0,1.0,5.0,5.0,5.0,
11943,2307060003,e_e004703,14,노보텔 앰배서더 서울 동대문 호텔 레지던스,2023-07-06,2023-07-06,서울 중구 을지로 238,서울 중구 을지로6가 58-5,127.0045819,37.5663089,,,POI01000TR027765V,노보텔앰배서더 서울동대문호텔&레지던스,60.0,24,Y,7.0,1.0,5.0,5.0,5.0,
11947,2307060007,e_e004703,18,노보텔 앰배서더 서울 동대문 호텔 레지던스,2023-07-06,2023-07-07,서울 중구 을지로 238,서울 중구 을지로6가 58-5,127.0045819,37.5663089,,,POI01000TR027765V,노보텔앰배서더 서울동대문호텔&레지던스,90.0,24,Y,7.0,1.0,5.0,5.0,5.0,
11951,2307070004,e_e004703,22,메이 플레이스 호텔,2023-07-07,2023-07-07,서울 종로구 율곡로 179,서울 종로구 원남동 25-2,126.9987457,37.5761046,,,POI01000000E4GN3K,메이플레이스호텔,210.0,24,N,8.0,1.0,4.0,4.0,4.0,
11954,2307070007,e_e004703,25,메이 플레이스 호텔,2023-07-07,2023-07-08,서울 종로구 율곡로 179,서울 종로구 원남동 25-2,126.9987457,37.5761046,,,POI01000000E4GN3K,메이플레이스호텔,60.0,24,Y,7.0,1.0,4.0,4.0,4.0,
11977,2307140004,e_e004716,4,필그림하우스,2023-07-14,2023-07-15,경기 가평군 북면 가화로 1862,경기 가평군 북면 도대리 58-3,127.4963471,37.9207413,,,POI01000000AS0CCM,지구촌교회필그림하우스,210.0,24,Y,4.0,11.0,4.0,4.0,4.0,
11984,2307150007,e_e004716,11,필그림하우스,2023-07-15,2023-07-16,충남 천안시 동남구 문암4길 13-1,충남 천안시 동남구 안서동 372-6,127.1795535,36.8409135,,,POI02000TR004124V,필그림하우스,390.0,24,Y,4.0,11.0,4.0,4.0,4.0,
11986,2307160002,e_e004716,13,자연 다슬기 해장국,2023-07-16,2023-07-16,경기 가평군 북면 가화로 769,경기 가평군 북면 이곡리 518-6,127.5288947,37.8766375,,,POI01000000913OC9,자연다슬기해장국,30.0,11,N,9.0,11.0,4.0,4.0,4.0,
12008,2307060002,e_e004722,7,티어스 명동,2023-07-06,2023-07-07,서울 중구 퇴계로 176,서울 중구 남학동 13-2,126.9912941,37.560809,,,POI01000000B1G52V,디어스 명동,300.0,24,Y,8.0,1.0,5.0,5.0,5.0,
12011,2307060005,e_e004722,4,티어스 명동,2023-07-06,2023-07-06,서울 중구 퇴계로 176,서울 중구 남학동 13-2,126.9912941,37.560809,,,POI01000000B1G52V,디어스 명동,30.0,24,Y,4.0,1.0,5.0,5.0,5.0,
12044,2307140004,e_e004730,5,헤르메스 호텔,2023-07-14,2023-07-15,경기 평택시 포승읍 원도곡길 2,경기 평택시 포승읍 도곡리 744-19,126.8647137,36.9877001,,,POI02000TR004128V,헤르메스호텔,90.0,24,Y,4.0,1.0,5.0,5.0,5.0,
12050,2307150005,e_e004730,9,퀸스 호텔,2023-07-15,2023-07-16,경기 평택시 평택5로96번길 26,경기 평택시 비전동 831-3,127.1120009,36.995307,,,POI01000000B3PXEA,퀸스호텔,420.0,24,N,6.0,1.0,3.0,3.0,3.0,
12064,2307280012,e_e004733,7,라마다호텔 앤 스위트 서울남대문,2023-07-28,2023-07-29,서울 중구 칠패로 27,,,,,,,,120.0,24,N,2.0,1.0,4.0,4.0,4.0,1114016800.0
12081,2307060003,e_e004773,3,국립유명산자연휴양림,2023-07-06,2023-07-07,경기 가평군 설악면 유명산길 79-53,경기 가평군 설악면 가일리 산 35,127.4910548,37.5929336,,,POI01000TR038600V,국립유명산자연휴양림,420.0,24,Y,1.0,5.0,5.0,5.0,5.0,
12090,2307200007,e_e004774,9,체리 호텔,2023-07-20,2023-07-20,서울 송파구 오금로11길 11-15,서울 송파구 방이동 28-8,,,,,,,30.0,24,N,11.0,1.0,4.0,4.0,4.0,
12093,2307200010,e_e004774,12,체리 호텔,2023-07-20,2023-07-21,서울 송파구 오금로11길 11-15,서울 송파구 방이동 28-8,,,,,,,90.0,24,N,11.0,1.0,4.0,3.0,4.0,
12097,2307210001,e_e004774,19,아이다 호텔,2023-07-21,2023-07-22,서울 송파구 올림픽로34길 3-6,서울 송파구 방이동 41-13,,,,,,,60.0,24,N,8.0,2.0,3.0,3.0,3.0,
12099,2307210003,e_e004774,17,아이다 호텔,2023-07-21,2023-07-21,서울 송파구 올림픽로34길 3-6,서울 송파구 방이동 41-13,,,,,,,60.0,24,N,8.0,2.0,3.0,2.0,3.0,
12104,2307220001,e_e004774,27,토요코인 대구 동성로점,2023-07-22,2023-07-23,대구 중구 동성로1길 15,대구 중구 동성로3가 91-9,,,,,,,120.0,24,Y,7.0,1.0,5.0,5.0,5.0,
12121,2307210008,e_e004780,7,엠앤 러키 호텔,2023-07-21,2023-07-22,서울 종로구 수표로22길 38,서울 종로구 돈의동 155,,,,,,,270.0,24,N,6.0,1.0,3.0,3.0,3.0,
12126,2307220005,e_e004780,12,호텔 소울하다,2023-07-22,2023-07-23,서울 강남구 테헤란로10길 5,서울 강남구 역삼동 823-43,,,,,,,240.0,24,N,2.0,1.0,5.0,4.0,4.0,
12140,2307120005,e_e004782,11,스타즈 호텔 독산 체크인,2023-07-12,2023-07-12,서울 금천구 시흥대로 315,,,,,,,,30.0,24,N,6.0,1.0,5.0,5.0,5.0,1154510200.0
12144,2307120009,e_e004782,15,스타즈 호텔 독산,2023-07-12,2023-07-13,서울 금천구 시흥대로 315,서울 금천구 독산동 1156,126.8971178,37.461299,,,POI01000000B6AP1D,스타즈호텔 독산,1350.0,24,N,6.0,1.0,5.0,5.0,5.0,
12151,2307300004,e_e004784,10,나인 트리 프리미어 로카우스 호텔 서울 용산,2023-07-30,2023-07-30,서울 용산구 한강대로23길 25,서울 용산구 한강로3가 40-1050,126.9643863,37.5274741,,,POI02000TR002415V,나인트리 프리미어 로카우스 호텔 서울 용산,120.0,24,N,2.0,1.0,4.0,4.0,5.0,
12159,2307300012,e_e004784,12,나인 트리 프리미어 로카우스 호텔 서울 용산,2023-07-30,2023-07-31,서울 용산구 한강대로23길 25,서울 용산구 한강로3가 40-1050,126.9643863,37.5274741,,,POI02000TR002415V,나인트리 프리미어 로카우스 호텔 서울 용산,30.0,24,N,7.0,1.0,3.0,3.0,3.0,
12167,2308030004,e_e004792,4,콘래드,2023-08-03,2023-08-04,서울 영등포구 국제금융로 10,서울 영등포구 여의도동 23-1,126.9267428,37.5254277,,,POI01000TR003867V,콘래드 서울,510.0,24,Y,7.0,1.0,5.0,5.0,5.0,
12170,2308040003,e_e004792,7,콘래드,2023-08-04,2023-08-05,서울 영등포구 국제금융로 10,서울 영등포구 여의도동 23-1,126.9267428,37.5254277,,,POI01000TR003867V,콘래드 서울,150.0,24,Y,7.0,1.0,5.0,5.0,5.0,
12177,2307290006,e_e004799,5,수목원 프로방스,2023-07-29,2023-07-30,경기 포천시 신북면 탑신로 1066,경기 포천시 신북면 금동리 148,,,,,,,570.0,24,N,7.0,5.0,5.0,5.0,5.0,
12187,2307140005,e_e004800,5,호텔 동그라미,2023-07-14,2023-07-15,서울 송파구 오금로11길 47-10,서울 송파구 방이동 47-4,127.1128604,37.5159901,,,POI02000TR004402V,호텔 동그라미,30.0,24,N,6.0,1.0,2.0,2.0,2.0,
12192,2307150005,e_e004800,10,머스트 스테이 모텔,2023-07-15,2023-07-16,서울 양천구 중앙로 245-2,서울 양천구 신정동 1182-25,126.8532824,37.5183459,,,POI02000TR004404V,머스트스테이모텔,90.0,24,N,6.0,2.0,1.0,1.0,1.0,
12198,2307200005,e_e004815,2,글램 트리 리조트,2023-07-20,2023-07-21,경기 가평군 상면 돌아우길 75,경기 가평군 상면 상동리 산 36-12,,,,,,,510.0,24,N,1.0,4.0,5.0,4.0,5.0,
12226,2308010002,e_e004830,5,서울 큐브 이태원,2023-08-01,2023-08-02,서울 용산구 우사단로14길 8,서울 용산구 이태원동 136-5,126.9960944,37.5340027,,,POI01000000D931YK,서울큐브이태원,30.0,24,N,8.0,7.0,1.0,1.0,1.0,
12251,2307290006,e_e004843,5,W 지우 리조트,2023-07-29,2023-07-30,경기 가평군 가평읍 북한강변로 970-9,경기 가평군 가평읍 달전리 159-15,,,,,,,540.0,24,N,2.0,4.0,2.0,2.0,2.0,
12254,2307300004,e_e004843,8,W 지우 리조트,2023-07-30,2023-07-31,경기 가평군 가평읍 북한강변로 970-9,경기 가평군 가평읍 달전리 159-15,,,,,,,630.0,24,N,2.0,4.0,2.0,2.0,2.0,
12300,2308040004,e_e004858,4,연희장,2023-08-04,2023-08-04,서울 서대문구 연희로 87,서울 서대문구 연희동 188-88,126.9300806,37.5660864,,,POI0100000098JE8I,연희장,0.0,24,N,8.0,7.0,5.0,5.0,5.0,
12306,2308040010,e_e004858,11,연희장,2023-08-04,2023-08-05,서울 서대문구 연희로 87,서울 서대문구 연희동 188-88,126.9300806,37.5660864,,,POI0100000098JE8I,연희장,30.0,24,N,2.0,7.0,5.0,5.0,5.0,
12315,2308050008,e_e004858,19,연희장,2023-08-05,2023-08-06,서울 서대문구 연희로 87,서울 서대문구 연희동 188-88,126.9300806,37.5660864,,,POI0100000098JE8I,연희장,30.0,24,N,2.0,7.0,5.0,5.0,5.0,
12324,2307220005,e_e004859,5,곤지암리조트,2023-07-22,2023-07-22,경기 광주시 도척면 도척윗로 278,경기 광주시 도척면 도웅리 534,127.2940917,37.3379816,,,POI01000TR001676V,곤지암리조트,30.0,24,N,6.0,4.0,5.0,5.0,5.0,
12326,2307220009,e_e004859,7,곤지암리조트,2023-07-22,2023-07-23,경기 광주시 도척면 도척윗로 278,,,,,,,,210.0,24,N,6.0,4.0,5.0,5.0,5.0,4117310200.0
12332,2307070004,e_e004860,4,호텔 달,2023-07-07,2023-07-07,경기 수원시 팔달구 화서문로75번길 20,경기 수원시 팔달구 북수동 59-9,127.0169831,37.2868266,,,POI010000006N00QF,호텔달,30.0,24,N,2.0,1.0,5.0,5.0,5.0,
12335,2307070007,e_e004860,7,호텔 달,2023-07-07,2023-07-08,경기 수원시 팔달구 화서문로75번길 20,경기 수원시 팔달구 북수동 59-9,127.0169831,37.2868266,,,POI010000006N00QF,호텔달,60.0,24,Y,2.0,1.0,5.0,5.0,5.0,
12342,2307080007,e_e004860,14,호텔 달,2023-07-08,2023-07-09,경기 수원시 팔달구 화서문로75번길 20,경기 수원시 팔달구 북수동 59-9,127.0169831,37.2868266,,,POI010000006N00QF,호텔달,60.0,24,Y,2.0,1.0,5.0,5.0,5.0,
12345,2307090003,e_e004860,17,호텔 달,2023-07-09,2023-07-09,경기 수원시 팔달구 화서문로75번길 20,경기 수원시 팔달구 북수동 59-9,127.0169831,37.2868266,,,POI010000006N00QF,호텔달,660.0,24,Y,1.0,1.0,5.0,5.0,5.0,
12442,2307190013,e_e004879,12,IMT 모텔,2023-07-19,2023-07-20,서울 종로구 수표로18가길 8,서울 종로구 관수동 140,126.9903004,37.5690512,,,POI01000TR043020V,IMT모텔,1380.0,24,N,8.0,3.0,3.0,3.0,3.0,
12449,2307200007,e_e004879,19,아나 호텔,2023-07-20,2023-07-21,서울 강남구 언주로87길 32,서울 강남구 역삼동 719-12,127.0405263,37.5011849,,,POI02000TR004636V,아나호텔,1320.0,24,N,8.0,2.0,3.0,1.0,1.0,
12492,2307080002,e_e004899,6,이끌림 호텔,2023-07-08,2023-07-09,경기도 수원시 권선구 서부로 1934번길 20 우)16405,,,,,,,,390.0,24,N,7.0,1.0,4.0,4.0,4.0,4111313200.0
12502,2307290003,e_e004905,9,스포렉스,2023-07-29,2023-07-30,서울 중구 장충단로 247,서울 중구 을지로6가 18-21,,,,,,,330.0,24,Y,4.0,11.0,2.0,1.0,1.0,
12520,2307210006,e_e004914,5,헤르메스 호텔,2023-07-21,2023-07-22,경기 평택시 포승읍 원도곡길 2,경기 평택시 포승읍 도곡리 744-19,,,,,,,240.0,24,N,2.0,2.0,4.0,4.0,4.0,
12540,2307160002,e_e004917,9,3S 호텔 소래점,2023-07-16,2023-07-17,인천 남동구 소래역로 26-16,인천 남동구 논현동 679-1,126.7364199,37.3995484,,,POI02000TR004496V,3S호텔 소래점,60.0,24,N,2.0,1.0,4.0,4.0,4.0,
12545,2307160007,e_e004917,6,3S 호텔 소래점,2023-07-16,2023-07-16,인천 남동구 소래역로 26-16,인천 남동구 논현동 679-1,126.7364199,37.3995484,,,POI02000TR004498V,3S호텔 소래점,60.0,24,N,7.0,1.0,4.0,4.0,4.0,
12551,2307280002,e_e004919,2,그랜드 인터컨티넨탈 서울 파르나스,2023-07-28,2023-07-28,서울 강남구 테헤란로 521,서울 강남구 삼성동 159-8,127.0608271,37.5092906,,,POI01000TR026756V,그랜드인터컨티넨탈 서울파르나스,30.0,24,Y,4.0,1.0,4.0,5.0,5.0,
12553,2307280004,e_e004919,4,그랜드 인터컨티넨탈 서울 파르나스,2023-07-28,2023-07-28,서울 강남구 테헤란로 521,서울 강남구 삼성동 159-8,127.0608271,37.5092906,,,POI01000TR026756V,그랜드인터컨티넨탈 서울파르나스,60.0,24,Y,7.0,1.0,5.0,4.0,4.0,
12557,2307280008,e_e004919,8,그랜드 인터컨티넨탈 서울 파르나스,2023-07-28,2023-07-29,서울 강남구 테헤란로 521,서울 강남구 삼성동 159-8,127.0608271,37.5092906,,,POI01000TR026756V,그랜드인터컨티넨탈 서울파르나스,60.0,24,Y,7.0,1.0,5.0,5.0,5.0,
12560,2307290003,e_e004919,11,그랜드 인터컨티넨탈 서울 파르나스,2023-07-29,2023-07-29,서울 강남구 테헤란로 521,서울 강남구 삼성동 159-8,127.0608271,37.5092906,,,POI01000TR026756V,그랜드인터컨티넨탈 서울파르나스,120.0,24,Y,2.0,1.0,5.0,5.0,5.0,
12562,2307290005,e_e004919,13,그랜드 인터컨티넨탈 서울 파르나스,2023-07-29,2023-07-29,서울 강남구 테헤란로 521,서울 강남구 삼성동 159-8,127.0608271,37.5092906,,,POI01000TR026756V,그랜드인터컨티넨탈 서울파르나스,120.0,24,Y,2.0,1.0,5.0,5.0,5.0,
12564,2307290007,e_e004919,15,그랜드 인터컨티넨탈 서울 파르나스,2023-07-29,2023-07-30,서울 강남구 테헤란로 521,서울 강남구 삼성동 159-8,127.0608271,37.5092906,,,POI01000TR026756V,그랜드인터컨티넨탈 서울파르나스,240.0,24,Y,4.0,1.0,5.0,5.0,5.0,
12568,2307300004,e_e004919,19,그랜드 인터컨티넨탈 서울 파르나스,2023-07-30,2023-07-30,서울 강남구 테헤란로 521,서울 강남구 삼성동 159-8,127.0608271,37.5092906,,,POI01000TR026756V,그랜드인터컨티넨탈 서울파르나스,150.0,24,Y,2.0,1.0,5.0,5.0,5.0,
12603,2307220004,e_e004945,4,T7 호텔,2023-07-22,2023-07-23,경기 용인시 처인구 백옥대로 1130,경기 용인시 처인구 김량장동 121-1,127.2090284,37.2364679,,,POI010000006RVIRX,T7호텔,210.0,24,N,8.0,1.0,5.0,5.0,5.0,
12613,2307160004,e_e004948,4,산으로 간 니모,2023-07-16,2023-07-17,경기 가평군 조종면 연인산로 670-321,경기 가평군 조종면 마일리 71,127.3972581,37.8546145,,,POI02001TR014239V,산으로간니모,540.0,24,N,2.0,5.0,5.0,5.0,5.0,
12627,2307230004,e_e004961,4,소노휴,2023-07-23,2023-07-23,경기 양평군 개군면 신내길7번길 55,경기 양평군 개군면 공세리 389-7,,,,,,,150.0,24,N,8.0,4.0,3.0,3.0,3.0,
12630,2307230007,e_e004961,7,소노휴,2023-07-23,2023-07-24,경기 양평군 개군면 신내길7번길 55,경기 양평군 개군면 공세리 389-7,,,,,,,240.0,24,N,8.0,4.0,3.0,3.0,3.0,
12658,2307270002,e_e004977,9,코트야드 바이 메리어트 서울 타임스퀘어,2023-07-27,2023-07-28,서울 영등포구 영중로 15,서울 영등포구 영등포동4가 442,126.9043133,37.5171909,,,POI01000TR006120V,코트야드 바이메리어트 서울타임스퀘어,150.0,24,Y,4.0,1.0,5.0,5.0,5.0,
12659,2307270003,e_e004977,2,코트야드 바이 메리어트 서울 타임스퀘어,2023-07-27,2023-07-27,서울 영등포구 영중로 15,서울 영등포구 영등포동4가 442,126.9043133,37.5171909,,,POI01000TR006120V,코트야드 바이메리어트 서울타임스퀘어,30.0,24,Y,4.0,1.0,5.0,5.0,5.0,
12663,2307270007,e_e004977,6,코트야드 바이 메리어트 서울 타임스퀘어,2023-07-27,2023-07-27,서울 영등포구 영중로 15,서울 영등포구 영등포동4가 442,126.9043133,37.5171909,,,POI01000TR006120V,코트야드 바이메리어트 서울타임스퀘어,90.0,24,Y,4.0,1.0,5.0,5.0,5.0,
12667,2307280002,e_e004977,11,코트야드 바이 메리어트 서울 타임스퀘어,2023-07-28,2023-07-28,서울 영등포구 영중로 15,서울 영등포구 영등포동4가 442,126.9043133,37.5171909,,,POI01000TR006120V,코트야드 바이메리어트 서울타임스퀘어,390.0,24,Y,4.0,1.0,5.0,5.0,5.0,
12670,2307280005,e_e004977,14,코트야드 바이 메리어트 서울 타임스퀘어,2023-07-28,2023-07-28,서울 영등포구 영중로 15,서울 영등포구 영등포동4가 442,126.9043133,37.5171909,,,POI01000TR006120V,코트야드 바이메리어트 서울타임스퀘어,240.0,24,Y,4.0,1.0,5.0,5.0,5.0,
12675,2307110004,e_e004979,4,다나 호텔,2023-07-11,2023-07-11,서울 종로구 수표로18길 10,서울 종로구 관수동 143-5,126.9900683,37.5691629,,,POI010000006GKCR5,다나호텔,300.0,24,N,8.0,1.0,5.0,5.0,5.0,
12678,2307110007,e_e004979,7,다나 호텔,2023-07-11,2023-07-12,서울 종로구 수표로18길 10,서울 종로구 관수동 143-5,126.9900683,37.5691629,,,POI010000006GKCR5,다나호텔,1380.0,24,N,8.0,1.0,5.0,5.0,5.0,
12683,2307120005,e_e004979,12,IMT 모텔,2023-07-12,2023-07-12,서울 종로구 수표로18가길 8,서울 종로구 관수동 140,126.9903004,37.5690512,,,POI01000TR043020V,IMT모텔,180.0,24,N,8.0,2.0,3.0,3.0,3.0,
12685,2307120007,e_e004979,14,IMT 모텔,2023-07-12,2023-07-13,서울 종로구 수표로18가길 8,서울 종로구 관수동 140,126.9903004,37.5690512,,,POI01000TR043020V,IMT모텔,90.0,24,N,8.0,2.0,3.0,3.0,3.0,
12698,2307220002,e_e004984,6,AC 호텔 바이 메리어트 서울 강남,2023-07-22,2023-07-23,서울 강남구 테헤란로25길 10,서울 강남구 역삼동 642,127.0354203,37.501237,,,POI02000TR004504V,AC 호텔 바이 메리어트 서울 강남,390.0,24,N,2.0,1.0,5.0,5.0,5.0,
12710,2307190002,e_e004987,5,헤르메스 호텔 에버랜드점,2023-07-19,2023-07-20,경기 용인시 처인구 포곡읍 전대로78번길 11-12,,,,,,,,60.0,24,N,6.0,2.0,5.0,4.0,4.0,4146125000.0
12785,2308010004,e_e005025,10,W 지우 리조트,2023-08-01,2023-08-02,경기 가평군 가평읍 북한강변로 970-9,경기 가평군 가평읍 달전리 159-15,127.5232845,37.7997939,,,POI01000000D2F6NJ,W지우리조트,240.0,24,N,5.0,4.0,4.0,3.0,3.0,
12790,2308010009,e_e005025,8,W 지우 리조트,2023-08-01,2023-08-01,경기 가평군 가평읍 북한강변로 970-9,경기 가평군 가평읍 달전리 159-15,127.5232845,37.7997939,,,POI01000000D2F6NJ,W지우리조트,210.0,24,N,5.0,4.0,3.0,3.0,3.0,
12800,2307220005,e_e005026,5,아쯔아쯔 료칸,2023-07-22,2023-07-22,경기 동두천시 탑신로 239,경기 동두천시 탑동동 329,127.1172596,37.8969176,,,POI02000TR004513V,아쯔아쯔 료칸,90.0,24,N,2.0,3.0,3.0,2.0,2.0,
12802,2307220007,e_e005026,7,아쯔아쯔 료칸,2023-07-22,2023-07-23,경기 동두천시 탑신로 239,경기 동두천시 탑동동 329,127.1172596,37.8969176,,,POI02000TR004514V,아쯔아쯔 료칸,150.0,24,N,2.0,3.0,3.0,2.0,2.0,
12810,2307210004,e_e005028,4,서머셋 센트럴 분당,2023-07-21,2023-07-21,경기 성남시 분당구 황새울로311번길 36,경기 성남시 분당구 서현동 261-1,127.1212072,37.3865567,,,POI01000000DRMAEA,서머셋센트럴분당,60.0,24,N,2.0,1.0,5.0,4.0,4.0,
12811,2307210005,e_e005028,5,서머셋 센트럴 분당,2023-07-21,2023-07-22,경기 성남시 분당구 황새울로311번길 36,경기 성남시 분당구 서현동 261-1,127.1212072,37.3865567,,,POI01000000DRMAEA,서머셋센트럴분당,240.0,24,N,2.0,1.0,5.0,5.0,5.0,
12813,2307220002,e_e005028,6,서머셋 센트럴 분당,2023-07-22,2023-07-22,경기 성남시 분당구 황새울로311번길 36,경기 성남시 분당구 서현동 261-1,127.1212072,37.3865567,,,POI01000000DRMAEA,서머셋센트럴분당,60.0,24,N,2.0,1.0,4.0,4.0,4.0,
12814,2307220003,e_e005028,7,서머셋 센트럴 분당,2023-07-22,2023-07-22,경기 성남시 분당구 황새울로311번길 36,경기 성남시 분당구 서현동 261-1,127.1212072,37.3865567,,,POI01000000DRMAEA,서머셋센트럴분당,30.0,24,N,7.0,1.0,2.0,2.0,2.0,
12815,2307220004,e_e005028,8,서머셋 센트럴 분당,2023-07-22,2023-07-22,경기 성남시 분당구 황새울로311번길 36,경기 성남시 분당구 서현동 261-1,127.1212072,37.3865567,,,POI01000000DRMAEA,서머셋센트럴분당,60.0,24,N,8.0,1.0,5.0,5.0,5.0,
12816,2307220005,e_e005028,9,서머셋 센트럴 분당,2023-07-22,2023-07-22,경기 성남시 분당구 황새울로311번길 36,경기 성남시 분당구 서현동 261-1,127.1212072,37.3865567,,,POI01000000DRMAEA,서머셋센트럴분당,60.0,24,N,2.0,1.0,5.0,5.0,5.0,
12833,2308050002,e_e005110,4,더 숲 하우스,2023-08-05,2023-08-06,경기 가평군 청평면 머내길 10,경기 가평군 청평면 대성리 291-1,127.3938587,37.7109205,,,POI03000TR001751V,더숲하우스,450.0,24,N,2.0,3.0,5.0,5.0,5.0,
12846,2307290002,e_e005116,2,교동 장독대 마을,2023-07-29,2023-07-30,경기 포천시 관인면 신교동로 148-11,경기 포천시 관인면 중리 9-2,,,,,,,750.0,24,N,10.0,6.0,4.0,4.0,4.0,
12887,2307240009,e_e005154,9,큐브 게스트하우스,2023-07-24,2023-07-25,서울 용산구 이태원로23길 28-4,서울 용산구 이태원동 122-7,126.9920754,37.5357793,,,POI02000TR004717V,큐브게스트하우스,240.0,24,N,7.0,7.0,4.0,3.0,3.0,
12893,2307250006,e_e005154,15,호텔수,2023-07-25,2023-07-26,서울 영등포구 영중로4길 29,서울 영등포구 영등포동3가 13-10,126.9095292,37.5179663,,,POI010000006HOC6P,호텔수,360.0,24,N,8.0,2.0,4.0,3.0,3.0,
12911,2307170003,e_e005160,3,아난티 코드,2023-07-17,2023-07-17,경기 가평군 설악면 유명로 1007-90,경기 가평군 설악면 방일리 717,127.4802174,37.6254928,,,POI01000000BG1LMV,아난티코드,120.0,24,Y,4.0,4.0,5.0,5.0,5.0,
12915,2307170008,e_e005160,7,아난티 코드,2023-07-17,2023-07-18,경기 가평군 설악면 유명로 1007-90,경기 가평군 설악면 방일리 717,127.4802174,37.6254928,,,POI01000000BG1LMV,아난티코드,360.0,24,Y,4.0,4.0,5.0,5.0,5.0,
12942,2307270006,e_e005172,6,호텔 달,2023-07-27,2023-07-27,경기 수원시 팔달구 화서문로75번길 20,경기 수원시 팔달구 북수동 59-9,127.0169831,37.2868266,,,POI010000006N00QF,호텔달,60.0,24,N,6.0,2.0,5.0,5.0,5.0,
12946,2307270010,e_e005172,10,보영 만두 북문 본점,2023-07-27,2023-07-27,경기 수원시 장안구 팔달로 271,경기 수원시 장안구 영화동 282-3,127.0143933,37.2895012,,,POI01000TR018195V,보영만두 북문본점,30.0,11,N,1.0,2.0,4.0,3.0,3.0,
12947,2307270011,e_e005172,11,호텔 달,2023-07-27,2023-07-28,경기 수원시 팔달구 화서문로75번길 20,경기 수원시 팔달구 북수동 59-9,127.0169831,37.2868266,,,POI010000006N00QF,호텔달,1410.0,24,N,2.0,2.0,5.0,5.0,5.0,
12954,2307280007,e_e005172,18,호텔 달,2023-07-28,2023-07-29,경기 수원시 팔달구 화서문로75번길 20,경기 수원시 팔달구 북수동 59-9,127.0169831,37.2868266,,,POI010000006N00QF,호텔달,120.0,24,N,6.0,2.0,5.0,5.0,5.0,
13004,2307290007,e_e005201,7,코트야드바이메리어트,2023-07-29,2023-07-29,경기 수원시 영통구 광교호수공원로 320,경기 수원시 영통구 하동 871-1,,,,,,,120.0,24,N,7.0,1.0,4.0,3.0,3.0,
13006,2307290009,e_e005201,9,코트야드바이메리어트,2023-07-29,2023-07-30,경기 수원시 영통구 광교호수공원로 320,경기 수원시 영통구 하동 871-1,,,,,,,60.0,24,N,7.0,1.0,4.0,3.0,3.0,
13015,2307220005,e_e005206,6,채원당 바이 버틀러리,2023-07-22,2023-07-22,서울 종로구 자하문로19길 38-17,서울 종로구 옥인동 31-6,,,,,POI02000TR004723V,채원당 바이 버틀러리,60.0,24,N,2.0,6.0,4.0,4.0,4.0,
13018,2307220009,e_e005206,8,채원당 바이 버틀러리,2023-07-22,2023-07-23,서울 종로구 자하문로19길 38-17,서울 종로구 옥인동 31-6,126.9686967,37.5815352,,,POI02000TR004724V,채원당 바이 버틀러리,360.0,24,N,2.0,3.0,4.0,5.0,5.0,
13033,2307210002,e_e005217,5,앰배서더 서울 풀만호텔,2023-07-21,2023-07-22,서울 중구 동호로 287,,,,,,,,270.0,24,N,8.0,1.0,4.0,4.0,4.0,1114014400.0
13034,2307210003,e_e005217,2,앰배서더 서울 풀만호텔,2023-07-21,2023-07-21,서울 중구 동호로 287,,,,,,,,60.0,24,N,7.0,1.0,4.0,4.0,4.0,1114014400.0
13038,2307220002,e_e005217,10,앰배서더 서울 풀만호텔,2023-07-22,2023-07-23,서울 중구 동호로 287,서울 중구 장충동2가 186-54,127.0021742,37.5602678,,,POI01000TR003838V,앰배서더 서울풀만호텔,210.0,24,N,6.0,1.0,4.0,3.0,4.0,
13040,2307220004,e_e005217,8,앰배서더 서울 풀만호텔,2023-07-22,2023-07-22,서울 중구 동호로 287,서울 중구 장충동2가 186-54,127.0021742,37.5602678,,,POI01000TR003838V,앰배서더 서울풀만호텔,210.0,24,Y,6.0,1.0,4.0,4.0,3.0,
13042,2307230001,e_e005217,11,앰배서더 서울 풀만호텔,2023-07-23,2023-07-23,서울 중구 동호로 287,서울 중구 장충동2가 186-54,127.0021742,37.5602678,,,POI01000TR003838V,앰배서더 서울풀만호텔,270.0,24,N,6.0,1.0,4.0,3.0,3.0,
13068,2307300009,e_e005221,9,호텔야자,2023-07-30,2023-07-31,서울 서대문구 연세로2길 15-4,서울 서대문구 창천동 29-59,126.9378887,37.5562249,,,POI03000TR000060V,나랑,30.0,24,N,2.0,2.0,5.0,5.0,5.0,
13088,2307270009,e_e005234,9,유니언 호텔,2023-07-27,2023-07-28,서울 영등포구 양평로 136,서울 영등포구 양평동5가 62,126.8930559,37.5386756,,,POI02000TR004869V,유니언호텔,60.0,24,N,6.0,1.0,5.0,5.0,5.0,
13098,2308040003,e_e005235,5,더 노벰버 라운지 인천 송도점,2023-08-04,2023-08-04,인천 연수구 컨벤시아대로230번길 42,인천 연수구 송도동 98-2,126.6349035,37.3880789,,,POI01000000CYUFBQ,더노벰버,0.0,24,N,6.0,1.0,5.0,5.0,5.0,
13102,2308040007,e_e005235,9,더 노벰버 라운지 인천 송도점,2023-08-04,2023-08-05,인천 연수구 컨벤시아대로230번길 42,인천 연수구 송도동 98-2,126.6349035,37.3880789,,,POI01000000CYUFBQ,더노벰버,30.0,24,N,6.0,1.0,5.0,5.0,5.0,
13110,2308050006,e_e005235,15,더 노벰버 라운지 인천 송도점,2023-08-05,2023-08-05,인천 연수구 컨벤시아대로230번길 42,인천 연수구 송도동 98-2,126.6349035,37.3880789,,,POI01000000CYUFBQ,더노벰버,30.0,24,N,6.0,1.0,5.0,5.0,5.0,
13112,2308050008,e_e005235,17,더 노벰버 라운지 인천 송도점,2023-08-05,2023-08-06,인천 연수구 컨벤시아대로230번길 42,인천 연수구 송도동 98-2,126.6349035,37.3880789,,,POI01000000CYUFBQ,더노벰버,30.0,24,N,6.0,1.0,5.0,5.0,5.0,
13128,2307160003,e_e005239,3,망고 키즈 풀빌라,2023-07-16,2023-07-17,경기 가평군 상면 축령로45번길 93-12,경기 가평군 상면 행현리 322-5,,,,,,,690.0,24,N,2.0,3.0,5.0,4.0,4.0,
13148,2308010008,e_e005242,8,메이커스 X 이쁘다,2023-08-01,2023-08-01,서울 종로구 돈화문로11길 33,서울 종로구 낙원동 132-2,126.9895404,37.5723596,,,POI01000000B1G5NG,메이커스호텔,90.0,24,N,2.0,1.0,5.0,5.0,5.0,
13151,2308010011,e_e005242,11,메이커스 X 이쁘다,2023-08-01,2023-08-02,서울 종로구 돈화문로11길 33,서울 종로구 낙원동 132-2,126.9895404,37.5723596,,,POI01000000B1G5NG,메이커스호텔,60.0,24,N,2.0,1.0,5.0,5.0,5.0,
13163,2307190006,e_e005245,6,그랜드 팰리스 호텔 인천,2023-07-19,2023-07-19,인천 남동구 호구포로 211,인천 남동구 논현동 647-5,126.7092102,37.4020399,,,POI01000TR025554V,그랜드팰리스호텔 인천,120.0,24,N,8.0,2.0,2.0,2.0,2.0,
13166,2307190009,e_e005245,9,그랜드 팰리스 호텔 인천,2023-07-19,2023-07-20,인천 남동구 호구포로 211,인천 남동구 논현동 647-5,126.7092102,37.4020399,,,POI01000TR025554V,그랜드팰리스호텔 인천,120.0,24,Y,11.0,2.0,3.0,3.0,3.0,
13174,2307200008,e_e005245,17,그랜드 팰리스 호텔 인천,2023-07-20,2023-07-21,인천 남동구 호구포로 211,인천 남동구 논현동 647-5,126.7092102,37.4020399,,,POI01000TR025554V,그랜드팰리스호텔 인천,240.0,24,Y,11.0,2.0,3.0,3.0,3.0,
13181,2307280003,e_e005247,3,페어몬트앰배서더,2023-07-28,2023-07-28,서울 영등포구 여의대로 108,서울 영등포구 여의도동 22,126.9290916,37.5251877,,,POI01000TR021207V,페어몬트 앰배서더 서울,150.0,24,N,6.0,1.0,5.0,4.0,4.0,
13184,2307280006,e_e005247,6,페어몬트앰배서더,2023-07-28,2023-07-28,서울 영등포구 여의대로 108,서울 영등포구 여의도동 22,126.9290916,37.5251877,,,POI01000TR021207V,페어몬트 앰배서더 서울,210.0,24,Y,11.0,1.0,4.0,3.0,3.0,
13188,2307280010,e_e005247,10,페어몬트앰배서더,2023-07-28,2023-07-29,서울 영등포구 여의대로 108,서울 영등포구 여의도동 22,126.9290916,37.5251877,,,POI01000TR021207V,페어몬트 앰배서더 서울,1410.0,24,Y,11.0,1.0,4.0,4.0,4.0,
13202,2307140006,e_e005257,6,더스테이트 호텔 선유,2023-07-14,2023-07-14,서울 영등포구 양평로 132,서울 영등포구 양평동5가 62-3,126.8933695,37.5385858,,,POI01000000DRM3SH,더스테이트선유호텔,60.0,24,N,6.0,1.0,5.0,4.0,4.0,
13204,2307140008,e_e005257,8,더스테이트 호텔 선유,2023-07-14,2023-07-15,서울 영등포구 양평로 132,서울 영등포구 양평동5가 62-3,126.8933695,37.5385858,,,POI01000000DRM3SH,더스테이트선유호텔,300.0,24,N,6.0,1.0,5.0,4.0,4.0,
13212,2307280003,e_e005258,3,골드 호텔,2023-07-28,2023-07-29,경기 남양주시 별내면 청학로92번길 133,경기 남양주시 별내면 청학리 494-27,127.1108712,37.7093567,,,POI01000000B1T6GN,호텔골드,300.0,24,N,8.0,1.0,4.0,2.0,2.0,
13220,2307290008,e_e005258,11,구리갈매대방디엠시티 메트로카운티 오피스텔,2023-07-29,2023-07-29,경기 구리시 산마루로 5,경기 구리시 갈매동 599-2,127.1155012,37.6323059,,,POI02000TR004880V,구리갈매대방디엠시티메트로카운티오피스텔,60.0,24,N,2.0,11.0,5.0,5.0,5.0,
13222,2307290010,e_e005258,14,구리갈매대방디엠시티 메트로카운티 오피스텔,2023-07-29,2023-07-30,경기 구리시 산마루로 5,경기 구리시 갈매동 599-2,127.1155012,37.6323059,,,POI02000TR004881V,구리갈매대방디엠시티메트로카운티오피스텔,240.0,24,N,2.0,11.0,4.0,3.0,4.0,
13228,2307190002,e_e005263,5,라마다바이원덤 서울 동대문,2023-07-19,2023-07-20,서울 중구 동호로 354,서울 중구 을지로5가 275-3,127.0026984,37.5658945,,,POI02000TR004644V,라마다바이원덤 서울동대문,150.0,24,N,8.0,1.0,2.0,1.0,1.0,
13238,2307200007,e_e005263,12,라마다바이원덤 서울 동대문,2023-07-20,2023-07-21,서울 중구 동호로 354,서울 중구 을지로5가 275-3,127.0026984,37.5658945,,,POI02000TR004649V,라마다바이원덤 서울동대문,1410.0,24,Y,8.0,1.0,3.0,2.0,2.0,
13243,2307210005,e_e005263,17,더코노셔레지던스,2023-07-21,2023-07-22,서울 영등포구 국회대로68길 24,서울 영등포구 여의도동 15-13,126.9201286,37.528249,,,POI010000006HMN5X,더코노셔레지던스,270.0,24,N,6.0,1.0,1.0,1.0,1.0,
13248,2307220005,e_e005263,22,더코노셔레지던스,2023-07-22,2023-07-23,서울 영등포구 국회대로68길 24,서울 영등포구 여의도동 15-13,126.9201286,37.528249,,,POI010000006HMN5X,더코노셔레지던스,180.0,24,Y,6.0,1.0,2.0,1.0,1.0,
13274,2307220008,e_e005278,8,아이비 스테이,2023-07-22,2023-07-23,경기 수원시 팔달구 갓매산로76번길 9,경기 수원시 팔달구 고등동 303-4,127.0022752,37.2704352,,,POI01000TR006493V,아이비스테이,30.0,24,N,8.0,2.0,5.0,5.0,5.0,
13295,2308050002,e_e005314,7,연희장,2023-08-05,2023-08-06,서울 서대문구 연희로 87,서울 서대문구 연희동 188-88,126.9300806,37.5660864,,,POI0100000098JE8I,연희장,120.0,24,N,8.0,7.0,4.0,4.0,4.0,
13312,2308040002,e_e005317,4,선셋 74,2023-08-04,2023-08-05,경기 가평군 청평면 호반로 740,경기 가평군 청평면 호명리 342-6,127.4664891,37.7085905,,,POI02000TR004895V,선셋740,420.0,24,N,2.0,7.0,5.0,4.0,4.0,
13354,2307200004,e_e005331,4,그랜드 팰리스 호텔 인천,2023-07-20,2023-07-20,인천 남동구 호구포로 211,인천 남동구 논현동 647-5,,,,,,,30.0,24,N,8.0,1.0,4.0,4.0,3.0,
13360,2307200010,e_e005331,10,그랜드 팰리스 호텔 인천,2023-07-20,2023-07-20,인천 남동구 호구포로 211,인천 남동구 논현동 647-5,,,,,,,60.0,24,Y,6.0,1.0,4.0,4.0,4.0,
13364,2307200014,e_e005331,14,그랜드 팰리스 호텔 인천,2023-07-20,2023-07-21,인천 남동구 호구포로 211,인천 남동구 논현동 647-5,,,,,,,210.0,24,Y,8.0,1.0,3.0,3.0,3.0,
13366,2307210002,e_e005331,16,그랜드 팰리스 호텔 인천,2023-07-21,2023-07-21,인천 남동구 호구포로 211,인천 남동구 논현동 647-5,,,,,,,60.0,24,Y,8.0,1.0,3.0,3.0,3.0,
13370,2307210006,e_e005331,20,그랜드 팰리스 호텔 인천,2023-07-21,2023-07-22,인천 남동구 호구포로 211,인천 남동구 논현동 647-5,,,,,,,210.0,24,Y,8.0,1.0,3.0,3.0,3.0,
13378,2308040003,e_e005334,3,블룸 비스타,2023-08-04,2023-08-04,경기 양평군 강하면 강남로 316,경기 양평군 강하면 전수리 1235,127.4219249,37.5003708,,,POI01000000BCENWG,블룸비스타,60.0,24,N,8.0,1.0,5.0,5.0,5.0,
13382,2308040007,e_e005334,7,블룸 비스타,2023-08-04,2023-08-05,경기 양평군 강하면 강남로 316,경기 양평군 강하면 전수리 1235,127.4219249,37.5003708,,,POI01000000BCENWG,블룸비스타,180.0,24,N,8.0,1.0,5.0,5.0,5.0,
13388,2308050006,e_e005334,13,블룸 비스타,2023-08-05,2023-08-06,경기 양평군 강하면 강남로 316,경기 양평군 강하면 전수리 1235,127.4219249,37.5003708,,,POI01000000BCENWG,블룸비스타,240.0,24,N,8.0,1.0,5.0,5.0,5.0,
13394,2307260004,e_e005335,3,포천 글램핑 앤 카라반,2023-07-26,2023-07-26,경기 포천시 화현면 화동로432번길 106,경기 포천시 화현면 화현리 716-8,127.3172845,37.902409,,,POI02000TR004731V,포천글램핑앤카라반,360.0,24,N,2.0,5.0,5.0,5.0,5.0,
13396,2307290002,e_e005340,4,세이스테이,2023-07-29,2023-07-30,국원말길 42-5,,,,,,,,540.0,24,N,2.0,3.0,5.0,5.0,5.0,4148032000.0
13406,2307200003,e_e005341,3,골든 튤립에버 용인 호텔,2023-07-20,2023-07-21,경기 용인시 처인구 포곡읍 전대로78번길 19-2,경기 용인시 처인구 포곡읍 전대리 356-1,,,,,,,360.0,24,N,6.0,1.0,5.0,5.0,5.0,
13418,2307290002,e_e005345,17,오성 건강랜드,2023-07-29,2023-07-30,서울 서대문구 모래내로 143,서울 서대문구 남가좌동 105-1,126.9170148,37.5694513,,,POI03000TR000093V,오성건강랜드,60.0,24,Y,8.0,11.0,5.0,5.0,5.0,
13434,2307300001,e_e005345,27,호텔 스타,2023-07-30,2023-07-31,서울 강남구 선릉로92길 8,서울 강남구 삼성동 141-21,127.049392,37.5053045,,,POI03000TR000108V,호텔스타,210.0,24,N,6.0,1.0,5.0,5.0,5.0,
13452,2307220005,e_e005351,5,메이플 베이,2023-07-22,2023-07-22,경기 가평군 가평읍 북한강변로 900,경기 가평군 가평읍 이화리 19-1,127.5183155,37.7974698,,,POI01000TR028082V,메이플베이,210.0,24,N,11.0,3.0,4.0,4.0,4.0,
13453,2307220007,e_e005351,6,메이플 베이,2023-07-22,2023-07-23,경기 가평군 가평읍 북한강변로 900,경기 가평군 가평읍 이화리 19-1,127.5183155,37.7974698,,,POI01000TR028082V,메이플베이,330.0,24,N,11.0,3.0,4.0,4.0,4.0,
13459,2307310002,e_e005368,7,메종 디파 티오,2023-07-31,2023-08-01,경기 가평군 가평읍 태봉두밀로 447,,127.541952,37.832881,,,POI03000TR000121V,메종드파티오,540.0,24,N,2.0,3.0,4.0,4.0,4.0,4182025000.0
13512,2307280008,e_e005407,7,루사나 호텔,2023-07-28,2023-07-29,서울 송파구 삼학사로 98,서울 송파구 석촌동 1-7,127.0975238,37.5059873,,,POI010000006KODNA,로사나호텔,150.0,24,N,6.0,1.0,5.0,5.0,5.0,
13517,2307290005,e_e005407,12,호텔 더 디자이너스 리즈 강남 프리미어,2023-07-29,2023-07-29,서울 강남구 봉은사로 113,서울 강남구 논현동 201-4,127.0259027,37.5051813,,,POI02000TR004887V,호텔더디자이너스 리즈강남프리미어,180.0,24,N,2.0,1.0,5.0,5.0,5.0,
13520,2307290008,e_e005407,15,호텔 더 디자이너스 리즈 강남 프리미어,2023-07-29,2023-07-30,서울 강남구 봉은사로 113,서울 강남구 논현동 201-4,127.0259027,37.5051813,,,POI02000TR004890V,호텔더디자이너스 리즈강남프리미어,210.0,24,Y,2.0,1.0,5.0,5.0,5.0,
13532,2307190015,e_e005408,7,라마다 평택 호텔,2023-07-19,2023-07-20,경기 평택시 포승읍 평택항로184번길 3-24,,,,,,,,150.0,24,N,7.0,1.0,5.0,4.0,4.0,4122025600.0
13560,2307210004,e_e005421,4,나인 트리 프리미어 호텔 인사동,2023-07-21,2023-07-21,서울 종로구 인사동길 49,서울 종로구 관훈동 155-2,126.9835789,37.5744835,,,POI01000TR100509V,나인트리프리미어호텔 인사동,30.0,24,Y,4.0,1.0,5.0,5.0,5.0,
13564,2307210008,e_e005421,8,나인 트리 프리미어 호텔 인사동,2023-07-21,2023-07-22,서울 종로구 인사동길 49,서울 종로구 관훈동 155-2,126.9835789,37.5744835,,,POI01000TR100509V,나인트리프리미어호텔 인사동,180.0,24,Y,4.0,1.0,5.0,5.0,5.0,
13579,2308020004,e_e005438,3,르컬렉티브 시흥 웨이브 파크,2023-08-02,2023-08-03,경기 시흥시 거북섬로 135,경기 시흥시 정왕동 2725,126.6809722,37.3207705,,,POI02000TR004732V,르컬렉티브 시흥 웨이브파크,270.0,24,N,5.0,1.0,5.0,5.0,5.0,
13585,2307260003,e_e005440,4,바라산 자연휴양림,2023-07-26,2023-07-27,경기 의왕시 바라산로 84,경기 의왕시 학의동 산 117-1,,,,,,,420.0,24,N,2.0,9.0,4.0,4.0,4.0,
13594,2307220005,e_e005442,4,축령산 자연휴양림,2023-07-22,2023-07-22,경기 남양주시 수동면 축령산로 299,경기 남양주시 수동면 외방리 280,127.313144,37.7547171,,,POI01000000BI11NE,축령산자연휴양림,300.0,24,Y,4.0,9.0,5.0,5.0,5.0,
13595,2307220006,e_e005442,5,축령산 자연휴양림,2023-07-22,2023-07-23,경기 남양주시 수동면 축령산로 299,경기 남양주시 수동면 외방리 280,127.313144,37.7547171,,,POI01000000BI11NE,축령산자연휴양림,270.0,24,Y,4.0,9.0,5.0,5.0,5.0,
13596,2307230001,e_e005442,6,축령산 자연휴양림,2023-07-23,2023-07-23,경기 남양주시 수동면 축령산로 299,경기 남양주시 수동면 외방리 280,127.313144,37.7547171,,,POI01000000BI11NE,축령산자연휴양림,180.0,24,Y,11.0,9.0,3.0,3.0,3.0,
13604,2307230007,e_e005443,7,고대산자연휴양림,2023-07-23,2023-07-24,경기 연천군 신서면 고대산길 84-79,경기 연천군 신서면 대광리 산 25-1,127.1507058,38.2112539,,,POI03000TR000880V,고대산자연휴양림,450.0,24,N,2.0,9.0,5.0,5.0,5.0,
13614,2308040002,e_e005447,12,위드 모텔,2023-08-04,2023-08-05,인천 중구 인중로174번길 17,인천 중구 사동 18-44,126.6258461,37.4695967,,,POI010000006E5HZ1,위드모텔,120.0,24,N,8.0,2.0,4.0,4.0,4.0,
13618,2308040006,e_e005447,5,위드 모텔,2023-08-04,2023-08-04,인천 중구 인중로174번길 17,인천 중구 사동 18-44,126.6258461,37.4695967,,,POI010000006E5HZ1,위드모텔,30.0,24,N,2.0,2.0,4.0,4.0,4.0,
13625,2308050001,e_e005447,29,위드 모텔,2023-08-05,2023-08-06,인천 중구 인중로174번길 17,인천 중구 사동 18-44,126.6258461,37.4695967,,,POI010000006E5HZ1,위드모텔,120.0,24,Y,11.0,2.0,4.0,4.0,3.0,
13634,2308050010,e_e005447,20,위드 모텔,2023-08-05,2023-08-05,인천 중구 인중로174번길 17,인천 중구 사동 18-44,126.6258461,37.4695967,,,POI010000006E5HZ1,위드모텔,0.0,24,N,2.0,2.0,4.0,4.0,4.0,
13658,2308020008,e_e005448,8,바 모르 호텔,2023-08-02,2023-08-03,서울 영등포구 영등포로47길 8-1,서울 영등포구 영등포동2가 317-2,126.9086761,37.5199929,,,POI01000TR036807V,바모스호텔,180.0,24,N,7.0,1.0,5.0,5.0,3.0,
13670,2308030013,e_e005448,20,바 모르 호텔,2023-08-03,2023-08-04,서울 영등포구 영등포로47길 8-1,서울 영등포구 영등포동2가 317-2,126.9086761,37.5199929,,,POI01000TR036807V,바모스호텔,30.0,24,Y,6.0,1.0,5.0,5.0,5.0,
13675,2308040005,e_e005448,25,CN 스파,2023-08-04,2023-08-05,서울 서초구 사평대로 126,서울 서초구 반포동 93-1,126.9983263,37.4997934,,,POI010000006HVNHI,CN스파,270.0,24,N,2.0,11.0,5.0,5.0,5.0,
13689,2308020003,e_e005476,3,도미 인 서울 강남 호텔,2023-08-02,2023-08-02,서울 강남구 봉은사로 134,서울 강남구 역삼동 603-1,127.0294745,37.5056283,,,POI01000TR040099V,도미인서울강남호텔,30.0,24,N,7.0,1.0,5.0,5.0,5.0,
13695,2308020009,e_e005476,9,도미인서울 강남 호텔,2023-08-02,2023-08-02,서울 강남구 봉은사로 134,서울 강남구 역삼동 603-1,127.0294745,37.5056283,,,POI01000TR040099V,도미인서울강남호텔,120.0,24,Y,11.0,1.0,5.0,5.0,5.0,
13697,2308020011,e_e005476,11,도미인서울 강남 호텔,2023-08-02,2023-08-03,서울 강남구 봉은사로 134,서울 강남구 역삼동 603-1,127.0294745,37.5056283,,,POI01000TR040099V,도미인서울강남호텔,180.0,24,N,2.0,1.0,5.0,5.0,5.0,
13704,2308030007,e_e005476,18,그랜드 하얏트 서울,2023-08-03,2023-08-03,서울 용산구 소월로 322,서울 용산구 한남동 747-7,126.9970808,37.5394448,,,POI01000TR007380V,그랜드하얏트서울,120.0,24,N,2.0,1.0,5.0,5.0,5.0,
13706,2308030009,e_e005476,20,그랜드 하얏트 서울,2023-08-03,2023-08-04,서울 용산구 소월로 322,서울 용산구 한남동 747-7,126.9970808,37.5394448,,,POI01000TR007380V,그랜드하얏트서울,180.0,24,N,2.0,1.0,5.0,5.0,5.0,
13737,2307210002,e_e005485,8,k world 호텔,2023-07-21,2023-07-22,서울 종로구 수표로18길 28,서울 종로구 관수동 104-2,,,,,,,30.0,24,N,6.0,2.0,4.0,3.0,3.0,
13756,2307220011,e_e005488,9,더스테이트 호텔 선유,2023-07-22,2023-07-23,서울 영등포구 양평로 132,서울 영등포구 양평동5가 62-3,126.8933695,37.5385858,,,POI01000000DRM3SH,더스테이트선유호텔,390.0,24,N,7.0,1.0,4.0,4.0,4.0,
13803,2308040011,e_e005506,11,청파 책가도,2023-08-04,2023-08-04,서울 용산구 청파로73길 96,서울 용산구 서계동 33-43,126.9660042,37.552126,,,POI03000TR001839V,청파책가도,150.0,24,N,8.0,7.0,5.0,5.0,5.0,
13805,2308040013,e_e005506,13,청파 책가도,2023-08-04,2023-08-05,서울 용산구 청파로73길 96,서울 용산구 서계동 33-43,126.9660042,37.552126,,,POI03000TR001839V,청파책가도,120.0,24,N,8.0,7.0,5.0,5.0,5.0,
13810,2308050005,e_e005506,15,청파 책가도,2023-08-05,2023-08-05,서울 용산구 청파로73길 96,서울 용산구 서계동 33-43,126.9660042,37.552126,,,POI03000TR001839V,청파책가도,120.0,24,Y,11.0,7.0,5.0,5.0,5.0,
13812,2308050007,e_e005506,20,청파 책가도,2023-08-05,2023-08-06,서울 용산구 청파로73길 96,서울 용산구 서계동 33-43,126.9660042,37.552126,,,POI03000TR001839V,청파책가도,120.0,24,Y,8.0,7.0,5.0,5.0,5.0,
13868,2307220010,e_e005528,10,골드힐 호텔,2023-07-22,2023-07-23,경기 파주시 탄현면 성동로 36-30,경기 파주시 탄현면 성동리 679-6,126.6878696,37.7767996,,,POI02000TR004743V,골든힐호텔,270.0,24,N,8.0,1.0,3.0,2.0,2.0,
13873,2307310002,e_e005532,14,양지파인리조트,2023-07-31,2023-08-01,경기 용인시 처인구 양지면 남평로 112,,127.200048,37.291834,,,POI03000TR000890V,양지파인리조트,60.0,24,N,8.0,4.0,5.0,5.0,5.0,1150010600.0
13946,2307280002,e_e005577,4,선셋 74,2023-07-28,2023-07-29,경기 가평군 청평면 호반로 740,경기 가평군 청평면 호명리 342-6,127.4664891,37.7085905,,,POI02000TR004895V,선셋740,660.0,24,N,1.0,7.0,4.0,4.0,5.0,
13956,2307310006,e_e005579,5,하운드 호텔 거북 성점,2023-07-31,2023-08-01,경기 시흥시 거북섬1길 19,경기 시흥시 정왕동 2706-4,126.6755089,37.3264105,,,POI03000TR000925V,하운드호텔 거북섬점,300.0,24,N,11.0,1.0,5.0,5.0,5.0,
14049,2308010007,e_e005619,7,킨텍스 바이 케이트 리,2023-08-01,2023-08-02,경기 고양시 일산서구 킨텍스로 255-3,경기 고양시 일산서구 대화동 2307-16,126.7480577,37.6684138,,,POI01000TR037130V,킨텍스바이케이트리,300.0,24,N,6.0,1.0,5.0,5.0,5.0,
14056,2308020008,e_e005619,14,킨텍스 바이 케이트 리,2023-08-02,2023-08-03,경기 고양시 일산서구 킨텍스로 255-3,경기 고양시 일산서구 대화동 2307-16,126.7480577,37.6684138,,,POI01000TR037130V,킨텍스바이케이트리,60.0,24,Y,11.0,1.0,5.0,5.0,5.0,
14067,2307270004,e_e005642,4,파티저 호텔,2023-07-27,2023-07-28,경기 수원시 권선구 서부로1934번길 42,경기 수원시 권선구 구운동 924-7,,,,,,,150.0,24,N,2.0,1.0,5.0,5.0,5.0,
14074,2308020003,e_e005645,3,라 까사호텔 광명,2023-08-02,2023-08-02,경기 광명시 일직로12번길 22,경기 광명시 일직동 508-3,126.8819768,37.4212348,,,POI01000000B6CU9S,라까사호텔광명,0.0,24,N,2.0,1.0,5.0,5.0,5.0,
14077,2308020006,e_e005645,7,라 까사호텔 광명,2023-08-02,2023-08-03,경기 광명시 일직로12번길 22,경기 광명시 일직동 508-3,126.8819768,37.4212348,,,POI01000000B6CU9S,라까사호텔광명,210.0,24,N,1.0,1.0,5.0,5.0,5.0,
14080,2308030002,e_e005645,9,라 까사호텔 광명,2023-08-03,2023-08-03,경기 광명시 일직로12번길 22,경기 광명시 일직동 508-3,126.8819768,37.4212348,,,POI01000000B6CU9S,라까사호텔광명,90.0,24,N,1.0,1.0,5.0,5.0,5.0,
14084,2308030006,e_e005645,13,라 까사호텔 광명,2023-08-03,2023-08-04,경기 광명시 일직로12번길 22,경기 광명시 일직동 508-3,126.8819768,37.4212348,,,POI01000000B6CU9S,라까사호텔광명,210.0,24,Y,1.0,1.0,5.0,5.0,5.0,
14089,2308050002,e_e005662,8,폼 모텔,2023-08-05,2023-08-06,서울 광진구 아차산로 389,서울 광진구 구의동 246-40,127.0859683,37.5373088,,,POI03000TR001857V,폼모텔,90.0,24,N,8.0,2.0,4.0,3.0,3.0,
14102,2307310002,e_e005664,9,로버 게스트하우스,2023-07-31,2023-08-01,인천 중구 신포로23번길 62,인천 중구 중앙동2가 11,126.6220566,37.4727967,,,POI02001TR009027V,로버게스트하우스,330.0,24,N,8.0,7.0,5.0,5.0,5.0,
14106,2307310006,e_e005664,5,로버 게스트하우스,2023-07-31,2023-07-31,인천 중구 신포로23번길 62,인천 중구 중앙동2가 11,126.6220566,37.4727967,,,POI02001TR009027V,로버게스트하우스,60.0,24,N,11.0,7.0,5.0,5.0,5.0,
14110,2308010001,e_e005664,20,로버 게스트하우스,2023-08-01,2023-08-02,인천 중구 신포로23번길 62,인천 중구 중앙동2가 11,126.6220566,37.4727967,,,POI02001TR009027V,로버게스트하우스,360.0,24,Y,8.0,7.0,5.0,5.0,5.0,
14117,2308010008,e_e005664,16,로버 게스트하우스,2023-08-01,2023-08-01,인천 중구 신포로23번길 62,인천 중구 중앙동2가 11,126.6220566,37.4727967,,,POI02001TR009027V,로버게스트하우스,120.0,24,Y,8.0,7.0,4.0,5.0,5.0,
14146,2307290008,e_e005679,8,호텔 포코,2023-07-29,2023-07-29,서울 성동구 성수이로 96,서울 성동구 성수동2가 317-5,127.0570438,37.5434459,,,POI010000006K8LQ5,호텔포코,90.0,24,N,8.0,1.0,3.0,2.0,2.0,
14149,2307290011,e_e005679,11,호텔 포코,2023-07-29,2023-07-30,서울 성동구 성수이로 96,서울 성동구 성수동2가 317-5,127.0570438,37.5434459,,,POI010000006K8LQ5,호텔포코,1380.0,24,N,8.0,1.0,5.0,5.0,5.0,
14194,2307280002,e_e005718,6,호텔 다다익선,2023-07-28,2023-07-29,서울 종로구 삼일대로32가길 33,서울 종로구 익선동 46,,,,,,,60.0,24,N,8.0,1.0,4.0,4.0,4.0,
14197,2307280005,e_e005718,4,호텔 다다익선,2023-07-28,2023-07-28,서울 종로구 삼일대로32가길 33,서울 종로구 익선동 46,,,,,,,30.0,24,N,8.0,1.0,4.0,3.0,4.0,
14208,2307290010,e_e005718,16,호텔 다다익선,2023-07-29,2023-07-30,서울 종로구 삼일대로32가길 33,서울 종로구 익선동 46,,,,,,,60.0,24,Y,11.0,1.0,4.0,3.0,4.0,
14229,2308020005,e_e005759,6,로컬 스티치 시청,2023-08-02,2023-08-02,서울 중구 남대문로5길 17-5,서울 중구 북창동 93-43,126.9787045,37.5623237,,,POI02000TR000185V,로컬스티치 시청,60.0,24,N,7.0,1.0,5.0,5.0,5.0,
14234,2308020010,e_e005759,10,로컬 스티치 시청,2023-08-02,2023-08-03,서울 중구 남대문로5길 17-5,서울 중구 북창동 93-43,126.9787045,37.5623237,,,POI02000TR000185V,로컬스티치 시청,180.0,24,N,7.0,1.0,5.0,5.0,5.0,
14238,2308030004,e_e005759,14,로컬 스티치 시청,2023-08-03,2023-08-04,서울 중구 남대문로5길 17-5,서울 중구 북창동 93-43,126.9787045,37.5623237,,,POI02000TR000185V,로컬스티치 시청,90.0,24,Y,7.0,1.0,5.0,5.0,5.0,
14290,2307300005,e_e005790,5,하늘숲 글램핑,2023-07-30,2023-07-30,경기 가평군 가평읍 호반로 2092,경기 가평군 가평읍 이화리 93,127.5092775,37.7767621,,,POI01000000DQWH3F,가평하늘숲글램핑,30.0,24,N,8.0,5.0,3.0,3.0,3.0,
14292,2307300007,e_e005790,7,하늘숲 글램핑,2023-07-30,2023-07-31,경기 가평군 가평읍 호반로 2092,경기 가평군 가평읍 이화리 93,127.5092775,37.7767621,,,POI01000000DQWH3F,가평하늘숲글램핑,300.0,24,N,8.0,5.0,3.0,3.0,3.0,
14298,2307280002,e_e005793,2,워커힐호텔,2023-07-28,2023-07-28,서울 광진구 워커힐로 177,서울 광진구 광장동 22-1,127.1108926,37.5552278,,,POI02000TR004905V,워커힐호텔,60.0,24,Y,4.0,1.0,4.0,4.0,4.0,
14301,2307280009,e_e005793,5,워커힐호텔,2023-07-28,2023-07-29,서울 광진구 워커힐로 177,서울 광진구 광장동 22-1,127.1108926,37.5552278,,,POI02000TR004907V,워커힐호텔,300.0,24,Y,4.0,1.0,5.0,4.0,4.0,
14347,2308030007,e_e005813,17,호텔 아트리움 종로,2023-08-03,2023-08-04,서울 종로구 창경궁로 106,서울 종로구 인의동 48-26,126.9981209,37.5718582,,,POI01000TR011577V,호텔아트리움 종로,210.0,24,N,8.0,1.0,4.0,3.0,3.0,
14350,2308030010,e_e005813,13,호텔 아트리움 종로,2023-08-03,2023-08-03,서울 종로구 창경궁로 106,서울 종로구 인의동 48-26,126.9981209,37.5718582,,,POI01000TR011577V,호텔아트리움 종로,30.0,24,N,8.0,1.0,4.0,3.0,4.0,
14379,2308040007,e_e005833,3,동두천 호텔 이쁘다,2023-08-04,2023-08-05,경기 동두천시 지행로 60,경기 동두천시 지행동 721,127.0538182,37.8920734,,,POI03000TR004496V,동두천호텔 이쁘다,120.0,24,N,6.0,1.0,5.0,5.0,5.0,
14394,2308190002,e_e005860,8,북수단,2023-08-19,2023-08-20,경기 수원시 팔달구 화서문로72번길 9-3,,,,,,,,150.0,24,N,6.0,6.0,5.0,4.0,4.0,2726011300.0
14415,2308060003,e_e005863,3,더 채 라이브러리,2023-08-06,2023-08-07,서울 종로구 효자로7길 10-4,서울 종로구 통의동 7-6,126.9732962,37.5790784,,,POI03000TR003117V,더채라이브러리,480.0,24,N,2.0,6.0,4.0,3.0,4.0,
14456,2308120007,e_e005891,7,시마 호텔,2023-08-12,2023-08-13,경기 동두천시 중앙로274번길 9,경기 동두천시 생연동 595-8,127.0547164,37.9060411,,,POI03000TR004510V,시마호텔,210.0,24,N,8.0,2.0,5.0,5.0,5.0,
14484,2308210008,e_e005922,8,베니키아 JD 관광호텔,2023-08-21,2023-08-21,경기 남양주시 진접읍 해밀예당1로 50-44,경기 남양주시 진접읍 금곡리 1082-5,127.1876021,37.7119859,,,POI03000TR010325V,베니키아 JD관광호텔,30.0,24,Y,4.0,1.0,4.0,4.0,5.0,
14487,2308210012,e_e005922,12,베니키아 JD 관광호텔,2023-08-21,2023-08-22,경기 남양주시 진접읍 해밀예당1로 50-44,경기 남양주시 진접읍 금곡리 1082-5,127.1876021,37.7119859,,,POI03000TR010325V,베니키아 JD관광호텔,240.0,24,Y,4.0,1.0,5.0,5.0,4.0,
14494,2308220006,e_e005922,18,빌라 코지,2023-08-22,2023-08-23,경기 가평군 청평면 호반로 753-7,경기 가평군 청평면 호명리 340-9,127.4679899,37.709035,,,POI03000TR010332V,빌라코지,540.0,24,N,2.0,3.0,5.0,5.0,5.0,
14499,2309170004,e_e005926,4,에덴 파라다이스호텔 근처  산책로,2023-09-17,2023-09-17,경기 이천시 마장면 서이천로 449-79,경기 이천시 마장면 목리 417-4,127.3940481,37.2614511,,,POI03000TR026691V,에덴파라다이스호텔근처  산책로,120.0,7,N,1.0,1.0,5.0,5.0,5.0,
14500,2309170006,e_e005926,5,에덴 파라다이스호텔,2023-09-17,2023-09-18,경기 이천시 마장면 서이천로 449-79,경기 이천시 마장면 목리 417-4,127.3940481,37.2614511,,,POI01000000AMANH6,에덴파라다이스호텔,240.0,24,N,1.0,1.0,4.0,4.0,4.0,
14512,2308260007,e_e005930,7,W 관광호텔,2023-08-26,2023-08-26,인천 중구 월미로 211,인천 중구 북성동1가 98-81,126.6001195,37.4770628,,,POI01000000CDJ4JR,W호텔입구,90.0,24,N,8.0,2.0,5.0,5.0,5.0,
14514,2308260010,e_e005930,10,W 관광호텔,2023-08-26,2023-08-27,인천 중구 월미로 211,인천 중구 북성동1가 98-81,126.6001195,37.4770628,,,POI01000000CDJ4JR,W호텔입구,30.0,24,N,8.0,2.0,5.0,5.0,5.0,
14529,2308040004,e_e005940,3,이천 미란다호텔,2023-08-04,2023-08-05,경기 이천시 중리천로115번길 45,경기 이천시 안흥동 408-1,127.4509288,37.2761765,,,POI01000TR016771V,이천미란다호텔,450.0,24,Y,8.0,1.0,5.0,5.0,5.0,
14536,2308130005,e_e005945,5,호텔 스위티 안,2023-08-13,2023-08-13,경기 가평군 설악면 자잠로 229,경기 가평군 설악면 사룡리 595-3,127.4881997,37.6946502,,,POI01000TR036156V,호텔스위티안,300.0,24,N,7.0,1.0,5.0,5.0,5.0,
14538,2308130007,e_e005945,7,호텔 스위티 안,2023-08-13,2023-08-14,경기 가평군 설악면 자잠로 229,경기 가평군 설악면 사룡리 595-3,127.4881997,37.6946502,,,POI01000TR036156V,호텔스위티안,210.0,24,N,2.0,1.0,5.0,5.0,5.0,
14547,2308050003,e_e005947,3,코바코연수원,2023-08-05,2023-08-06,경기 양평군 강상면 강남로 1375,경기 양평군 강상면 화양리 47,127.4951004,37.4520409,,,POI01000000B6JS2Q,코바코연수원,390.0,24,N,5.0,11.0,5.0,5.0,5.0,
14578,2308010002,e_e005978,3,원스 테이,2023-08-01,2023-08-02,경기 가평군 청평면 호반로 1070,경기 가평군 청평면 고성리 615-1,127.4918262,37.7154916,,,POI010000006N8KR8,원스테이,210.0,24,N,8.0,1.0,5.0,4.0,4.0,
14604,2308140002,e_e006014,2,호텔도노,2023-08-14,2023-08-14,경기 수원시 팔달구 신풍로 68,경기 수원시 팔달구 장안동 30-6,127.0138346,37.2870468,,,POI01000TR033786V,호텔도노,60.0,24,N,6.0,1.0,3.0,3.0,2.0,
14608,2308140006,e_e006014,6,호텔도노,2023-08-14,2023-08-15,경기 수원시 팔달구 신풍로 68,경기 수원시 팔달구 장안동 30-6,127.0138346,37.2870468,,,POI01000TR033786V,호텔도노,90.0,24,N,6.0,1.0,3.0,3.0,2.0,
14611,2308150003,e_e006014,9,호텔도노,2023-08-15,2023-08-15,경기 수원시 팔달구 신풍로 68,경기 수원시 팔달구 장안동 30-6,127.0138346,37.2870468,,,POI01000TR033786V,호텔도노,30.0,24,N,6.0,1.0,3.0,2.0,2.0,
14620,2308020005,e_e006016,5,토요코인 호텔 서울 동대문 2,2023-08-02,2023-08-03,서울 중구 퇴계로 325,서울 중구 광희동2가 14-1,127.0078201,37.5644932,,,POI01000TR027791V,토요코인호텔 서울동대문2,180.0,24,N,8.0,1.0,4.0,3.0,3.0,
14636,2308020009,e_e006022,9,더 플라자,2023-08-02,2023-08-03,서울 중구 소공로 119,서울 중구 태평로2가 23,126.9781107,37.5646923,,,POI01000TR042819V,더플라자,210.0,24,Y,7.0,1.0,5.0,5.0,5.0,
14693,2308300002,e_e006041,6,더스테이트 호텔 선유,2023-08-30,2023-08-31,서울 영등포구 양평로 132,,126.893369,37.538586,,,POI01000000DRM3SH,더스테이트선유호텔,210.0,24,Y,11.0,1.0,4.0,3.0,5.0,4115010100.0
14695,2308300004,e_e006041,3,더스테이트 호텔 선유,2023-08-30,2023-08-30,서울 영등포구 양평로 132,서울 영등포구 양평동5가 62-3,126.8933695,37.5385858,,,POI01000000DRM3SH,더스테이트선유호텔,120.0,24,N,2.0,1.0,3.0,4.0,4.0,
14697,2308300006,e_e006041,5,더스테이트 호텔 선유,2023-08-30,2023-08-30,서울 영등포구 양평로 132,서울 영등포구 양평동5가 62-3,126.8933695,37.5385858,,,POI01000000DRM3SH,더스테이트선유호텔,30.0,24,Y,11.0,1.0,4.0,4.0,5.0,
14700,2308310003,e_e006041,8,더스테이트 호텔 선유,2023-08-31,2023-08-31,서울 영등포구 양평로 132,서울 영등포구 양평동5가 62-3,126.8933695,37.5385858,,,POI01000000DRM3SH,더스테이트선유호텔,210.0,24,Y,11.0,1.0,4.0,4.0,4.0,
14707,2308130005,e_e006042,4,호텔 이쁘다 검단,2023-08-13,2023-08-13,인천 서구 완정로117번길 35,인천 서구 왕길동 666-6,126.6591534,37.6007879,,,POI03000TR009629V,호텔 이쁘다 검단,1080.0,24,N,2.0,1.0,5.0,5.0,5.0,
14708,2308130006,e_e006042,5,호텔 이쁘다 검단,2023-08-13,2023-08-14,인천 서구 완정로117번길 35,인천 서구 왕길동 666-6,126.6591534,37.6007879,,,POI03000TR009629V,호텔 이쁘다 검단,330.0,24,N,2.0,1.0,5.0,5.0,5.0,
14730,2308140002,e_e006059,9,나인 트리 프리미어 호텔 명동 ,2023-08-14,2023-08-15,서울 중구 마른내로 28,서울 중구 초동 72-10,126.9908319,37.5643985,,,POI01000000B1G51U,나인트리프리미어호텔,270.0,24,N,6.0,1.0,4.0,4.0,4.0,
14734,2308140007,e_e006059,7,나인 트리 프리미어 호텔 명동 ,2023-08-14,2023-08-14,서울 중구 마른내로 28,서울 중구 초동 72-10,126.9908319,37.5643985,,,POI01000000B1G51U,나인트리프리미어호텔,120.0,24,N,6.0,1.0,5.0,5.0,5.0,
14745,2308010002,e_e006069,2,오지브,2023-08-01,2023-08-02,경기 가평군 북면 꽃넘이길 43,경기 가평군 북면 제령리 533-1,127.5269011,37.8961031,,,POI01000000BSEQOR,오하브,480.0,24,N,2.0,5.0,5.0,5.0,5.0,
14761,2308260008,e_e006081,7,레스트 호텔,2023-08-26,2023-08-27,경기 김포시 태장로795번길 151,경기 김포시 장기동 2011-5,126.6851359,37.6399088,,,POI010000006FWBRF,레스트호텔,150.0,24,N,8.0,1.0,4.0,4.0,4.0,
14769,2308260004,e_e006086,4,달빛 스테이,2023-08-26,2023-08-26,인천 연수구 아트센터대로168번길 100,인천 연수구 송도동 29-1,126.6294389,37.4053632,,,POI03000TR019487V,달빛스테이,60.0,24,N,8.0,1.0,4.0,5.0,5.0,
14771,2308260006,e_e006086,6,달빛 스테이,2023-08-26,2023-08-27,인천 연수구 아트센터대로168번길 100,인천 연수구 송도동 29-1,126.6294389,37.4053632,,,POI03000TR019487V,달빛스테이,120.0,24,N,8.0,1.0,4.0,4.0,5.0,
14799,2308220002,e_e006100,7,더 스테이 송도,2023-08-22,2023-08-23,인천 연수구 아트센터대로168번길 100,인천 연수구 송도동 29-1,126.628994,37.4060223,,,POI01000TR000325V,더스테이송도,150.0,24,N,11.0,11.0,4.0,4.0,4.0,
14804,2308220007,e_e006100,6,더 스테이 송도,2023-08-22,2023-08-22,인천 연수구 아트센터대로168번길 100,인천 연수구 송도동 29-1,126.628994,37.4060223,,,POI01000TR000325V,더스테이송도,180.0,24,N,11.0,11.0,4.0,3.0,3.0,
14809,2308230005,e_e006100,12,더 스테이 송도,2023-08-23,2023-08-24,인천 연수구 아트센터대로168번길 100,인천 연수구 송도동 29-1,126.628994,37.4060223,,,POI01000TR000325V,더스테이송도,210.0,24,Y,11.0,11.0,4.0,4.0,4.0,
14828,2308090009,e_e006136,12,서울 큐브 이태원,2023-08-09,2023-08-10,서울 용산구 우사단로14길 8,서울 용산구 이태원동 136-5,126.9960944,37.5340027,,,POI01000000D931YK,서울큐브이태원,240.0,24,N,8.0,7.0,4.0,5.0,5.0,
14844,2308100008,e_e006136,20,지브로 S 게스트하우스,2023-08-10,2023-08-10,서울 마포구 와우산로10길 14,서울 마포구 상수동 143-13,126.9238779,37.5482176,,,POI01000TR007984V,지브로S 게스트하우스,120.0,24,N,8.0,7.0,5.0,5.0,5.0,
14849,2308100013,e_e006136,25,지브로 S 게스트하우스,2023-08-10,2023-08-11,서울 마포구 와우산로10길 14,서울 마포구 상수동 143-13,126.9238779,37.5482176,,,POI01000TR007984V,지브로S 게스트하우스,1410.0,24,Y,11.0,7.0,5.0,5.0,5.0,
14868,2308050003,e_e006151,3,소피텔앰배서더,2023-08-05,2023-08-05,서울 송파구 잠실로 209,서울 송파구 신천동 29-1,127.1061654,37.5137861,,,POI01000TR009804V,소피텔앰배서더 서울,120.0,24,Y,4.0,1.0,5.0,5.0,5.0,
14872,2308050008,e_e006151,7,소피텔앰배서더,2023-08-05,2023-08-06,서울 송파구 잠실로 209,서울 송파구 신천동 29-1,127.1061654,37.5137861,,,POI01000TR009804V,소피텔앰배서더 서울,180.0,24,Y,4.0,1.0,5.0,5.0,5.0,
14880,2308180005,e_e006153,5,르컬렉티브 시흥 웨이브 파크,2023-08-18,2023-08-18,경기 시흥시 거북섬로 135,경기 시흥시 정왕동 2725,126.6809722,37.3207705,,,POI02000TR004732V,르컬렉티브 시흥 웨이브파크,60.0,24,N,2.0,4.0,3.0,3.0,3.0,
14883,2308180008,e_e006153,9,르컬렉티브 시흥 웨이브 파크,2023-08-18,2023-08-19,경기 시흥시 거북섬로 135,경기 시흥시 정왕동 2725,126.6809722,37.3207705,,,POI02000TR004732V,르컬렉티브 시흥 웨이브파크,150.0,24,N,8.0,4.0,3.0,3.0,3.0,
14889,2308140002,e_e006157,2,롤링힐스 호텔,2023-08-14,2023-08-15,경기 화성시 남양읍 시청로 290,경기 화성시 남양읍 활초리 4-21,126.8387513,37.1901764,,,POI01000TR012753V,롤링힐스호텔,570.0,24,Y,4.0,1.0,4.0,4.0,4.0,
14900,2308070003,e_e006179,5,AC 호텔 바이 메리어트 서울 강남,2023-08-07,2023-08-07,서울 강남구 테헤란로25길 10,서울 강남구 역삼동 642,127.0354203,37.501237,,,POI02000TR004504V,AC 호텔 바이 메리어트 서울 강남,90.0,24,N,6.0,1.0,5.0,4.0,5.0,
14904,2308070007,e_e006179,7,AC 호텔 바이 메리어트 서울 강남,2023-08-07,2023-08-08,서울 강남구 테헤란로25길 10,서울 강남구 역삼동 642,127.0354203,37.501237,,,POI02000TR004504V,AC 호텔 바이 메리어트 서울 강남,270.0,24,Y,6.0,1.0,5.0,4.0,5.0,
14908,2308080004,e_e006179,11,AC 호텔 바이 메리어트 서울 강남,2023-08-08,2023-08-08,서울 강남구 테헤란로25길 10,서울 강남구 역삼동 642,127.0354203,37.501237,,,POI02000TR004504V,AC 호텔 바이 메리어트 서울 강남,270.0,24,N,6.0,1.0,5.0,5.0,5.0,
14911,2308080007,e_e006179,14,AC 호텔 바이 메리어트 서울 강남,2023-08-08,2023-08-09,서울 강남구 테헤란로25길 10,서울 강남구 역삼동 642,127.0354203,37.501237,,,POI02000TR004504V,AC 호텔 바이 메리어트 서울 강남,60.0,24,N,6.0,1.0,5.0,4.0,5.0,
14940,2308260007,e_e006213,6,컴포트 인 여의도,2023-08-26,2023-08-27,서울 영등포구 국회대로72길 7,서울 영등포구 여의도동 13-18,126.9205382,37.5303144,,,POI03000TR016676V,컴포트인 여의도,180.0,24,N,8.0,1.0,5.0,5.0,5.0,
14964,2308190002,e_e006221,7,더 휴식 이로 호텔 월곶 지점,2023-08-19,2023-08-20,경기 시흥시 월곶중앙로70번안길 12,,,,,,,,120.0,24,N,8.0,2.0,3.0,3.0,3.0,4139013100.0
14977,2308170005,e_e006224,4,캠프 레이크,2023-08-17,2023-08-17,경기 용인시 기흥구 동탄기흥로785번길 21-5,경기 용인시 기흥구 고매동 539-1,127.1000699,37.2273563,,,POI03000TR006739V,캠프레이크,1200.0,24,N,2.0,5.0,5.0,5.0,5.0,
14985,2308250006,e_e006225,5,스테이 인 호텔,2023-08-25,2023-08-25,인천 부평구 부평문화로116번길 22,인천 부평구 부평동 551-2,126.729042,37.4931225,,,POI03000TR011839V,스테이인호텔,210.0,24,N,8.0,1.0,4.0,4.0,4.0,
15285,2308140006,e_e006497,7,신라스테이,2023-08-14,2023-08-15,서울 강남구 언주로 517,서울 강남구 역삼동 675-3,127.0413076,37.504976,,,POI01000TR005959V,신라스테이 역삼,210.0,24,N,7.0,1.0,5.0,5.0,5.0,
16158,2308130004,e_e007137,5,오월 숲,2023-08-13,2023-08-13,경기 평택시 자유로14번길 10,경기 평택시 합정동 731-10,127.0911239,36.9924143,,,POI03000TR011875V,오월숲,240.0,24,N,8.0,2.0,4.0,4.0,4.0,
17807,2308220006,e_e008089,5,알마 호텔,2023-08-22,2023-08-22,경기 포천시 소흘읍 광릉수목원로 684,경기 포천시 소흘읍 직동리 364-3,127.1613113,37.7726582,,,POI03000TR010524V,알마호텔,150.0,24,Y,4.0,1.0,3.0,3.0,3.0,
18305,2308220005,e_e008506,4,머큐어앰배서더,2023-08-22,2023-08-22,서울 마포구 양화로 144,서울 마포구 동교동 162-5,126.9224652,37.5551868,,,POI01000TR041086V,머큐어 앰배서더 서울 홍대,330.0,11,N,5.0,1.0,5.0,5.0,5.0,
19358,2308260006,e_e010049,5,호텔 달 살롱,2023-08-26,2023-08-26,경기 수원시 팔달구 권광로142번길 36,경기 수원시 팔달구 인계동 1130-4,127.0332912,37.259563,,,POI03000TR016921V,호텔달싸롱,0.0,24,Y,8.0,2.0,4.0,4.0,5.0,
20859,2309070004,e_e011742,4,오크우드프리미어,2023-09-07,2023-09-07,인천 연수구 컨벤시아대로 165,인천 연수구 송도동 6-10,126.6442167,37.3891435,,,POI01000TR001973V,오크우드프리미어 인천,150.0,24,N,7.0,1.0,4.0,4.0,3.0,
20861,2309070006,e_e011742,6,오크우드프리미어,2023-09-07,2023-09-08,인천 연수구 컨벤시아대로 165,인천 연수구 송도동 6-10,126.6442167,37.3891435,,,POI01000TR001973V,오크우드프리미어 인천,960.0,24,N,7.0,1.0,4.0,4.0,4.0,
21303,2304280002,f_f000041,2,초코 키즈 풀빌라,2023-04-28,2023-04-29,경기 가평군 가평읍 호반로 2083-23,경기 가평군 가평읍 이화리 88,127.5071226,37.7756875,,,POI01000TR005198V,초코키즈풀빌라,510.0,24,N,2.0,3.0,4.0,4.0,4.0,
21309,2305280003,f_f000458,3,미다스 호텔 리조트,2023-05-28,2023-05-28,경기 가평군 청평면 북한강로 2245,경기 가평군 청평면 삼회리 74-1,127.4031945,37.7138531,,,POI01000TR011460V,마이다스호텔&리조트,120.0,24,N,7.0,1.0,5.0,5.0,5.0,
21312,2305280006,f_f000458,6,미다스 호텔 리조트,2023-05-28,2023-05-28,경기 가평군 청평면 북한강로 2245,경기 가평군 청평면 삼회리 74-1,127.4031945,37.7138532,,,POI01000TR011460V,마이다스호텔&리조트,930.0,24,N,7.0,1.0,4.0,4.0,4.0,4182032500.0
21313,2305280012,f_f000458,7,미다스 호텔 리조트,2023-05-28,2023-05-29,경기 가평군 청평면 북한강로 2245,경기 가평군 청평면 삼회리 74-1,127.4031945,37.7138532,,,POI01000TR011460V,마이다스호텔&리조트,330.0,24,N,7.0,1.0,5.0,5.0,5.0,1141011800.0
21336,2308120002,f_f006622,2,아멕스 랜드,2023-08-12,2023-08-13,경기 연천군 왕징면 왕산로218번길 61,경기 연천군 왕징면 무등리 183-1,127.0070112,38.073108,,,POI01000TR028039V,알멕스랜드,690.0,24,N,5.0,5.0,5.0,5.0,5.0,
